img,title,quantity,time,difficulty,ingredients,steps
https://recipe1.ezmember.co.kr/cache/recipe/2026/03/05/88fd8575ce7a7879e64a54e2c668f47b1.jpg,반찬 없을 때 무조건 이거! 3분 완성 단무지무침 레시피,4인분,5분 이내,아무나,"[{'name': '단무지', 'quantity': '200g'}, {'name': '대파', 'quantity': '100g'}, {'name': '깨', 'quantity': '1큰술'}, {'name': '고춧가루', 'quantity': '2/3-1큰술'}, {'name': '참기름', 'quantity': '1/2-1큰술'}, {'name': '올리고당', 'quantity': '1-2큰술'}]",[]
https://recipe1.ezmember.co.kr/cache/recipe/2019/04/13/1bd0a756ce6621fbf3711739980726b61.jpg,매운맛 쏙 마늘 꿀조림 만들기,2인분,30분 이내,아무나,"[{'name': '간장', 'quantity': '2큰술'}, {'name': '꿀', 'quantity': '3큰술'}, {'name': '맛술', 'quantity': '1큰술'}, {'name': '마늘', 'quantity': '2컵'}]","[{'description': '재료: 마늘2컵, 꿀3큰술,맛술1큰술\n조림장: 간장2큰술,꿀3큰술,맛술1큰술', 'image': 'https://recipe1.ezmember.co.kr/cache/recipe/2019/04/13/6798fd65acc2b6abb9c2109a771601451.jpg'}, {'description': '마늘은 껍질을 벗겨 깨끗이 씻어줍니다', 'image': 'https://recipe1.ezmember.co.kr/cache/recipe/2019/04/13/c010ff408727af9dfa515c3cf55b57021.jpg'}, {'description': '냄비에 물을넣고 끓으면 중불로 5분정도 삶아주세요.\n5분이면 알맞게 삶아 진 것 같아요.\n이렇게 해주면 매운맛도 없어지고 특유의 마늘 냄새도 제거 됩니다.', 'image': 'https://recipe1.ezmember.co.kr/cache/recipe/2019/04/13/b73799b81af5ad7a6628477ea20c6f441.jpg'}, {'description': '마늘의 물기를 빼주세요.', 'image': 'https://recipe1.ezmember.co.kr/cache/recipe/2019/04/13/0ad9f2e95cfe0ad8634aab3cb033d3421.jpg'}, {'description': '팬에 양념재료 간장,꿀,맛술 넣고 약한불에서 끓이세요.\n센불에서 하면 조림장이 다 날라가 버립니다.', 'image': 'https://recipe1.ezmember.co.kr/cache/recipe/2019/04/13/f14dd8dd6114fcb003a172e8ca62d7fe1.jpg'}, {'description': '끓으면 마늘 넣고 중약불로 계속 타지않게 조려줍니다.', 'image': 'https://recipe1.ezmember.co.kr/cache/recipe/2019/04/13/8049a2fd85a629c11ec71d71cc65a6611.jpg'}, {'description': '조림장이 어느정도 졸여지면 완성', 'image': 'https://recipe1.ezmember.co.kr/cache/recipe/2019/04/13/4ea401ed78ae5a739628947063aebd671.jpg'}, {'description': '매운맛이 싹 없어지고 달콤한 마늘조림이 되었네요.\n아이들도 먹을수 있어요.\n마지막에 집에 있는 견과류 아몬드,땅콩 을 버무려도 좋아요.', 'image': 'https://recipe1.ezmember.co.kr/cache/recipe/2019/04/13/302f44a5ab206db7c85d4a18c5a7c3061.jpg'}]"
https://recipe1.ezmember.co.kr/cache/recipe/2021/04/04/067529ead0761af2a8dbe1106e21bcd91.jpg,500원 이면 밥한끼~ 뚝딱하는 팽이버섯조림~ 너무 맛있어용^^~,2인분,15분 이내,아무나,"[{'name': '팽이버섯', 'quantity': '1봉지'}, {'name': '청양고추', 'quantity': '1개'}, {'name': '식용유', 'quantity': '2스푼'}, {'name': '다진마늘', 'quantity': '1큰술'}, {'name': '고추가루', 'quantity': '1/2스푼'}, {'name': '설탕', 'quantity': '1스푼'}, {'name': '미림', 'quantity': '2스푼'}, {'name': '진간장', 'quantity': '1스푼'}, {'name': '굴소스', 'quantity': '1/2스푼'}, {'name': '고추장', 'quantity': '1/3스푼'}, {'name': '된장', 'quantity': '1/3스푼'}, {'name': '물', 'quantity': '2스푼'}, {'name': '물엿', 'quantity': '1스푼'}]","[{'description': '계량스푼은 집에서 사용하는 8cc 정도의 밥숟가락입니다.\n팽이버섯 1봉지~ 약 150g 을 봉지채로 아래에서 3cm 정도 부분을 그대로 썰어 줍니다~ 요래 썰어 주면 뿌리부분에 뿌스러기도 안떨어지고 처리하기가 좋아용~\n우리동네 팽이는 한봉지 180g 인데? 하시는분 걱정 마시고 그냥 다 쓰시면 됩니다~ 그정도 차이는 양념으로 커버 가능함!\n**사진과 설명으로 부족하신 분은 링크된 동영상 참고 해주세요. 두율이네 유툽 놀러 오시면 더많은 레시피와 최신 레시피를 더 빠르게 보실수 있습니다~ 구독해 주시면 땡큐~~', 'image': 'https://recipe1.ezmember.co.kr/cache/recipe/2021/04/04/bc9a9c1415477a6627f75c1225679c031.jpg'}, {'description': '버섯은 흐르는물에 가볍게 씻거나 찬물에 담궈서 10초 정도만 흔들어 주면서 먼지 같은거만 제거합니다~ 팽이버섯은 너무 오래 담그면 팽이 특유의 향이 날아갈 뿐만 아니라~ 아직 살아 있는 아이라~곧 찌지고 뽁아질 지 운명을 모르고 더 오래 장수 할라고 물을 쫙쫙~ 빨아 들여서 나중에 지질때 빨아 먹은 물까지 다 뱉아 내서 철때반죽이 됩니다~\n가볍게 씻어서 물을 탈탈 털어서 준비하세요~', 'image': 'https://recipe1.ezmember.co.kr/cache/recipe/2021/04/04/30f8158a64454d5138048b47a98ab11e1.jpg'}, {'description': '버섯을 찢어서 준비하세요~ 한번 찢을때 15줄기 정도가 붙어 있는 정도면 됩니다~ 그렇다고 세아리면서 시간을 보내지는 마시고 대충 찢으시면 됩니다~ 30줄기 40줄기라도 맛있어용~', 'image': 'https://recipe1.ezmember.co.kr/cache/recipe/2021/04/04/bfb67043b91438fbc95ba33e9fbe56b71.jpg'}, {'description': '양념장을 분량대로 섞어서 준비 한 다음~\n후라이팬에 식용유 2스푼을 넣고 간마늘 1스푼 (20g)을\n부어서 약불에 천천히 노릇하게 튀겨주세요~\n양념 무게는 요요요~ 밑에 참고~\n------ 양념 ------\n고추가루 반스푼 (3~4g)\n설탕 1스푼(10g)\n미림 2스푼 (16g)\n진간장 1스푼 (8g)\n굴소스 반스푼 (5g)\n물엿 1스푼 (10g)\n고추장 1/3스푼 (10g)\n된장 1/3스푼 (10g)\n물2스푼 (16g)', 'image': 'https://recipe1.ezmember.co.kr/cache/recipe/2021/04/04/c8baf07f3f729ce51424116976cf295f1.jpg'}, {'description': '마늘이 노릇해 졌으면 마늘기름을 후라이팬에 넓게~ 골고루 흩어서 편 다음 그 위에 팽이 버섯을 펼쳐서 올린 다음 불을 강불로 올리고 30초간 구워 줍니다~\n후라이팬은 좀 넓은걸 쓰세요~ 그래야 더 맛있어요~ 제가 쓴 후라이팬은 24cm 짜리에용~ 한뼘보다 조금 더 큰 싸이즈죠~', 'image': 'https://recipe1.ezmember.co.kr/cache/recipe/2021/04/04/23de440cbe1a6e6daf7e027ae59bb3b61.jpg'}, {'description': '뒤집어서 30초를 더 구워 주세요~', 'image': 'https://recipe1.ezmember.co.kr/cache/recipe/2021/04/04/9a3cd040c849635a84fe9086c0ae4f271.jpg'}, {'description': '앞뒤로~ 30초씩 총 1분을 지졌으면 양념장을 골고루 끼얹어 줍니다~ 양념을 끼얹고 1분 정도르 자글자글 끓여 주시면 되요~ 사실........\n저는 모양좀 잡을려고 저렇게 했는데 집에서 그냥 반찬으로 드실때는 마늘기름에 팽이넣고 그냥 대충 1분간 휘휘 저어가면서 볶은 다음에 양념장 뿌려서 1분간 또 대충 섞으면서 볶으시면 되요 ^^~\n누구한테 잘보일일 없어서 비쥬얼 필요 없이 먹을땐~ 대충 휘리릭 뽁으세용~', 'image': 'https://recipe1.ezmember.co.kr/cache/recipe/2021/04/04/f25d53a3a3557c6bc3f4eeedc27678f71.jpg'}, {'description': '청양고추를 1개 잘게 잘라서 뿌려서 올린 다음 30초 정도 더 구워 주세요~ 청양고추랑 같이 주서 먹으면 완전 맛있어요~\n청양고추 안올리시면 그냥 30초 더 구우시면 되요~', 'image': 'https://recipe1.ezmember.co.kr/cache/recipe/2021/04/04/9faed471b8597a9358eab0b3c9a402a51.jpg'}, {'description': '밥한숟갈 입에 넣고~ 요렇게 양념 슥슥 뭍혀서 청양고추 한개 올리가 입에 넣어주믄 ㅜㅜ... 완전 맛있어용!~!', 'image': 'https://recipe1.ezmember.co.kr/cache/recipe/2021/04/04/5e76df327060f7138020ddb2c17357d01.jpg'}]"
https://recipe1.ezmember.co.kr/cache/recipe/2015/08/15/2e35349d4ca6d65611bab97efeec7a621.jpg,부추베이컨말이,2인분,15분 이내,초급,"[{'name': '부추', 'quantity': '1줌'}, {'name': '베이컨', 'quantity': '9장'}]","[{'description': '부추는 흐르는 물에 씻은 뒤, 물기를 제거하고 베이컨 길이에 맞춰서 잘라줍니다.', 'image': 'https://recipe1.ezmember.co.kr/cache/recipe/2015/08/15/7c8c6ecdbc58eaf3dff7a36e711e05ff1.jpg'}, {'description': '베이컨은 길이대로 반을 잘라서 준비합니다.', 'image': 'https://recipe1.ezmember.co.kr/cache/recipe/2015/08/15/c168282fe2cebf46b24e60b2308a20321.jpg'}, {'description': '베이컨을 하나씩 떼어 펼쳐주고,\n그 위에 미리 잘라놓은 부추를 조금씩 올려줍니다.', 'image': 'https://recipe1.ezmember.co.kr/cache/recipe/2015/08/15/d0c9193eb00873f6c74e18357e87c29c1.jpg'}, {'description': '그대로 돌돌 말아주기,\n베이컨의 기름으로 자동접착이 되어 풀리지 않으니 한번에 말아주세요.', 'image': 'https://recipe1.ezmember.co.kr/cache/recipe/2015/08/15/30fd26fc24b3c76d9da141b2f3c24b011.jpg'}, {'description': '베이컨9장을 사용, 반 잘라서 총 18개가 완성되었어요.', 'image': 'https://recipe1.ezmember.co.kr/cache/recipe/2015/08/15/54abdf8ba3768f83fac696c15d305d7b1.jpg'}, {'description': '후라이팬을 깨끗이 닦아준 뒤, 부추베이컨말이를 차곡차곡 올려줍니다.\n베이컨에서 기름나오니 식용유는 전혀 필요없습니다.', 'image': 'https://recipe1.ezmember.co.kr/cache/recipe/2015/08/15/1af071dd28543bf46510a9c9597e00b01.jpg'}, {'description': '베이컨이 말린 끝부분을 바닥면으로 향하게 하여 먼저 구워주고 완벽하게 접착이 됩니다.\n앞뒤로 굴려가며 노릇노릇 중약불에서 구워주면 완성!!', 'image': 'https://recipe1.ezmember.co.kr/cache/recipe/2015/08/15/00e6d9dfe24612856cb90756464501231.jpg'}]"
https://recipe1.ezmember.co.kr/cache/recipe/2017/12/08/f0896ec6cdc3fb6c57d5786d00ee20301.jpg,밥상 디톡스 브로콜리 마늘 볶음/해독 밥상/야채 마늘 볶음,3인분,10분 이내,초급,"[{'name': '브로콜리', 'quantity': '1개'}, {'name': '마늘', 'quantity': '10쪽'}, {'name': '소금', 'quantity': '1/2T'}, {'name': '올리브유', 'quantity': '2T'}, {'name': '후춧가루', 'quantity': '약간'}]","[{'description': '브로콜리는 송이송이 먹기 좋게 썰어주세요 :)', 'image': 'https://recipe1.ezmember.co.kr/cache/recipe/2017/12/08/a748f7bfb0ea69bb793212fe18c7c3d01.jpg'}, {'description': '끓는물 3컵에 소금 1/4T를 넣고 브로콜리를 데친 후 찬물에 헹구어 냅니다', 'image': 'https://recipe1.ezmember.co.kr/cache/recipe/2017/12/08/26adcab3bf1f3fcc9c1b91a0cea15b0a1.jpg'}, {'description': '팬에 올리브유 2T를 두르고', 'image': 'https://recipe1.ezmember.co.kr/cache/recipe/2017/12/08/599b9e2b26d7c087450a281cbe580f8f1.jpg'}, {'description': '썰어둔 마늘을 넣고 볶아주세요', 'image': 'https://recipe1.ezmember.co.kr/cache/recipe/2017/12/08/3b1370a5ca5391e985b38a55c72427711.jpg'}, {'description': '마늘을 어느정도 볶다가 브로콜리를 넣고,\n소금 1/4T,', 'image': 'https://recipe1.ezmember.co.kr/cache/recipe/2017/12/08/106266ac5acf6b5f394e81cbea4731b41.jpg'}, {'description': '후춧가루를 약간 넣어주시면,\n브로콜리 마늘볶음 완성!!\n참 쉽죠 :) 흐흐', 'image': 'https://recipe1.ezmember.co.kr/cache/recipe/2017/12/08/662b298d9c75028617feb04c4721a50e1.jpg'}, {'description': ""건강 식재료로 유명한 요 두아이, 브로콜리와 마늘을 함께 볶아내니, 깔끔하고 담백한 맛이 뿜뿜! 'ㅂ' 매운 요리의 사이드 반찬으로도 최고예요 :) 저는 다른 포스팅으로 다시 돌아올게요 우리 곧 다시 만나요 씨유쑨! ♥"", 'image': 'https://recipe1.ezmember.co.kr/cache/recipe/2017/12/08/959d9b73bb5ca08d37834bb1ac6f7f5b1.jpg'}]"
https://recipe1.ezmember.co.kr/cache/recipe/2022/07/31/0a3cf69214c365f5f80af5eee174c09f1.jpg,"아삭함이 살아있는 반찬! 양배추 무침, 겉절이 만들기",2인분,15분 이내,초급,"[{'name': '양배추', 'quantity': '350g'}, {'name': '고춧가루', 'quantity': '4T'}, {'name': '설탕', 'quantity': '2T'}, {'name': '액젓', 'quantity': '2T'}, {'name': '다진마늘', 'quantity': '1.5T'}, {'name': '식초', 'quantity': '3T'}, {'name': '소금', 'quantity': '1t'}, {'name': '참기름', 'quantity': '1.5T'}, {'name': '깨소금', 'quantity': '1T'}]","[{'description': '깨끗하게 씻은 양배추를 가늘게 채 썰어주세요.', 'image': 'https://recipe1.ezmember.co.kr/cache/recipe/2022/07/31/716e11f474a905649071db83d9fcf6a11.jpg'}, {'description': '양배추 위에 설탕 2T, 고춧가루 4T, 액젓 2T, 소금 1t를 넣어주세요.', 'image': 'https://recipe1.ezmember.co.kr/cache/recipe/2022/07/31/dbb19bf0f179d6282ac75da4be18dd9b1.jpg'}, {'description': '다진마늘 1.5T, 식초 3T, 참기름 1.5T, 깨소금 1T도 넣어주세요.', 'image': 'https://recipe1.ezmember.co.kr/cache/recipe/2022/07/31/99fbbf2e4b29c503abe34d9df4a8d8b81.jpg'}, {'description': '이제 양념이 골고루 배이도록 잘 섞어주세요.', 'image': 'https://recipe1.ezmember.co.kr/cache/recipe/2022/07/31/8a2b84f28192adcc33d7d5666c42aadd1.jpg'}, {'description': '아삭아삭 씹히는 맛이 좋은 양배추무침, 양배추겉절이 완성이에요.', 'image': 'https://recipe1.ezmember.co.kr/cache/recipe/2022/07/31/177c038ca1b319124739d7a6e80f17a31.jpg'}]"
https://recipe1.ezmember.co.kr/cache/recipe/2017/09/01/4d62a081b2bb5032f320c4a80e7d41cc1.jpg,참치 맛 가루 (후리 가케),6인분 이상,30분 이내,아무나,"[{'name': '참치 캔', 'quantity': '150g'}, {'name': '간장', 'quantity': '1큰술'}, {'name': '맛술', 'quantity': '1큰술'}, {'name': '설탕', 'quantity': '1티스푼'}]","[{'description': '참치는 체에 밭쳐 기름을 제거해주세요\n꾹꾹 눌러 기름을 빼주는것이 좋아요', 'image': 'https://recipe1.ezmember.co.kr/cache/recipe/2017/09/01/8bd29aff5fb9e9902c560f3eeab4fb8a1.jpg'}, {'description': '달군 중불에 기름 뺀 참치 넣고 볶아 수분을 날려주어요', 'image': 'https://recipe1.ezmember.co.kr/cache/recipe/2017/09/01/81b2e18691f4822c9f8260e3df7f908b1.jpg'}, {'description': '어느정도 볶아 색이 날 즘에 간장 맛술 설탕을 넣어 섞어 볶아주고\n중불 ~ 약불\n참치 볶을때 눌러가며 볶는데요 누르게 되면 치~익 소리가 나게돼요 소리가 안날때까지 볶으면 됩니다', 'image': 'https://recipe1.ezmember.co.kr/cache/recipe/2017/09/01/dae1e039a4aa9ff906253d18ab4541d51.jpg'}, {'description': '색이 진해졌지요 약불로 줄이고 계속 볶다보면 바스락 소리가 들려요~ 수분 없이 볶아지면~~끝', 'image': 'https://recipe1.ezmember.co.kr/cache/recipe/2017/09/01/2edad5cfdc71c8af466a10e11f2071451.jpg'}, {'description': '참치 맛 가루를 밥에 넣고 통깨와 참기름 한두 방울 넣어 섞어 김에 돌돌 말아 봤어요', 'image': 'https://recipe1.ezmember.co.kr/cache/recipe/2017/09/01/4280655401758a745d6588beeb2e27cc1.jpg'}, {'description': '바쁜 아침에 좋을듯해요', 'image': 'https://recipe1.ezmember.co.kr/cache/recipe/2017/09/01/f5115955a6a3dfdb665df45fed5943731.jpg'}]"
https://recipe1.ezmember.co.kr/cache/recipe/2023/06/10/ea855a6640b35cbb0882bec541f838eb1.jpg,빨주노 삼색 파프리카 애호박 구이 파프리카 양념장 만들기,3인분,30분 이내,초급,"[{'name': '애호박', 'quantity': '1개'}, {'name': '파프리카', 'quantity': '3쪽'}, {'name': '간장', 'quantity': '2.5큰술'}, {'name': '들기름', 'quantity': '1큰술'}, {'name': '다진 마늘', 'quantity': '1t'}, {'name': '설탕', 'quantity': '1t'}, {'name': '통깨', 'quantity': '1t'}]","[{'description': '애호박은 씻어서 도톰하게 썰어 주세요 도톰해야 씹을 때 식감이 있어요', 'image': 'https://recipe1.ezmember.co.kr/cache/recipe/2023/06/10/eb9ed71de37957f59654c7c59058e7b81.jpg'}, {'description': '식용유를 약간만 두르고 구워 주세요 식용유는 조금만 넣어 주세요 넣지 않을 경우는 약불에서 천천히 구워 주시면 된답니다', 'image': 'https://recipe1.ezmember.co.kr/cache/recipe/2023/06/10/970ba3416b8fe3c6e105c59d400f44321.jpg'}, {'description': '한쪽 면이 익었으면 뒤집어 주시고 앞뒤를 뒤집어 가면서 노릇노릇하게 구워 주세요', 'image': 'https://recipe1.ezmember.co.kr/cache/recipe/2023/06/10/e492bc2b6abce98854db8de9784f027b1.jpg'}, {'description': '파프리카 단면만 자르고 채 썰어서 잘게 잘게 썰어 주세요', 'image': 'https://recipe1.ezmember.co.kr/cache/recipe/2023/06/10/9426ac8d20c63c362ec3fcfa01599be31.jpg'}, {'description': '양념장을 준비해 주세요 들기름 1 큰 술 ,간장 2수저 반 큰술 ,마늘 1t 스푼, 설탕 약간, 통깨를 넣어서 양념장을 만들어 주세요 만든 양념장을 채 썬 파프리카에 넣어서 버무려주세요', 'image': 'https://recipe1.ezmember.co.kr/cache/recipe/2023/06/10/797913668fd57adf2533fa65820a09d41.jpg'}, {'description': '만든 양념장을 애호박에 한 수저씩 예쁘게 올려주세요^^', 'image': 'https://recipe1.ezmember.co.kr/cache/recipe/2023/06/10/0dabfeee4feb9a13093471ce40be107c1.jpg'}, {'description': '애호박 구이와 파프리카 양념장! 아삭아삭한 파프리카 양념장과 부드러운 애호박 구이 조화가 잘 이루어지네요 보기에도 예쁘지 않나요?ㅎㅎ', 'image': 'https://recipe1.ezmember.co.kr/cache/recipe/2023/06/10/ba266c86407506678e38f54500d4f28c1.jpg'}]"
https://recipe1.ezmember.co.kr/cache/recipe/2016/01/06/9e764e8107a194b7f809eab156b5207e1.jpg,"다이어트를 결심한 당신에게, “닭가슴살 부추냉채무침”",2인분,30분 이내,초급,"[{'name': '닭가슴살', 'quantity': '1캔'}, {'name': '부추', 'quantity': '10뿌리'}, {'name': '파프리카', 'quantity': '1/4개'}, {'name': '오이', 'quantity': '1/2개'}, {'name': '양파', 'quantity': '1/2개'}, {'name': '당근', 'quantity': '1/5개'}, {'name': '다진마늘', 'quantity': '1큰술'}, {'name': '설탕', 'quantity': '2큰술'}, {'name': '매실청', 'quantity': '3큰술'}, {'name': '간장', 'quantity': '1큰술'}, {'name': '식초', 'quantity': '3큰술'}, {'name': '연겨자', 'quantity': '1큰술'}, {'name': '레몬', 'quantity': '1/2개'}]","[{'description': '오이(1/2), 양파(1/2), 당근(1/5)을 먹기좋게 썰어 믹싱볼에 담는다', 'image': 'https://recipe1.ezmember.co.kr/cache/recipe/2016/01/06/40bbe8d31811655684494a380f6f9aca1.jpg'}, {'description': '부추(10뿌리), 파프리카(1/4) 썰어넣은 후, 닭가슴살(1캔)을 통째로 믹싱볼에 넣는다.', 'image': 'https://recipe1.ezmember.co.kr/cache/recipe/2016/01/06/bdc18420cae5f59175c17a82ca383d6b1.jpg'}, {'description': '양념으로 다진마늘(1큰술), 설탕(2큰술), 매실청(3큰술), 간장(1큰술), 식초(3큰술), 연겨자(1큰술), 레몬(1/2) 즙을 넣고 잘 버무려줍니다.', 'image': 'https://recipe1.ezmember.co.kr/cache/recipe/2016/01/06/0407cd9a3dde8d187f49284797b2615e1.jpg'}, {'description': '무친 닭가슴살과 채소, 양념을 접시에 담아낸다.', 'image': 'https://recipe1.ezmember.co.kr/cache/recipe/2016/01/06/3d437896626dace532d1364bfdd7f9001.jpg'}]"
https://recipe1.ezmember.co.kr/cache/recipe/2018/02/08/9e8e69c8a058e3f1e73ae0f0c990c7901.jpg,비엔나 소세지강정 간단하게 만들어 먹기 좋아요 ♪,2인분,30분 이내,아무나,"[{'name': '비엔나소세지', 'quantity': '220g'}, {'name': '견과류', 'quantity': '약간'}, {'name': '식용유', 'quantity': '약간'}, {'name': '설탕', 'quantity': '1큰술'}, {'name': '진간장', 'quantity': '1큰술'}, {'name': '케찹', 'quantity': '1큰술'}, {'name': '다진마늘', 'quantity': '1/2큰술'}, {'name': '올리고당', 'quantity': '2큰술'}, {'name': '물', 'quantity': '2큰술'}]","[{'description': '먼저 양념은 위의 분량대로\n미리 섞어서 만들어주세요\n하면서 넣는것보다 미리 만들어둬야\n훨씬 시간도 절약되고 편하답니다 :)', 'image': 'https://recipe1.ezmember.co.kr/cache/recipe/2018/02/08/3ce64b171f4f7a61800b821b20450e641.jpg'}, {'description': '저는 비엔나소세지 반쪽만 십자모양으로\n칼집을 내줬는데요\n꼭 십자모양이 아니더라도 원하시는 방향대로\n내주셔도 상관없어요 ~', 'image': 'https://recipe1.ezmember.co.kr/cache/recipe/2018/02/08/b25473312599bb1bb8c7b184d0c9cce41.jpg'}, {'description': '끓는물에 넣고 칼집이 조금 벌어질 정도로만\n살짝 데쳐주세요 ~', 'image': 'https://recipe1.ezmember.co.kr/cache/recipe/2018/02/08/d5e59090c5bea60d53ca79d020a62df01.jpg'}, {'description': '기름에 튀겨야 하니깐 물기제거 꼭 해주시고요', 'image': 'https://recipe1.ezmember.co.kr/cache/recipe/2018/02/08/49904ee34621b4d7f167479e4939e7321.jpg'}, {'description': '팬에 기름을 적당히 붓고\n데쳐준 소세지를 넣어 겉면이 살짝\n바삭해질 정도로 튀겨주세요\n오목한 팬에다 하시면 조금 더 편해요 :)', 'image': 'https://recipe1.ezmember.co.kr/cache/recipe/2018/02/08/7ce621f44d67e795c56583879d857f6a1.jpg'}, {'description': '소세지의 겉면이 살짝 바삭해졌다 싶을때\n미리 만들어두었던 양념을 넣어주세요', 'image': 'https://recipe1.ezmember.co.kr/cache/recipe/2018/02/08/548f967e290b6fc250abfb1a0dc2b9f61.jpg'}, {'description': '비엔나소세지 위로 양념이 골고루 묻어나게\n팬을 기울여 양념을 수저로 얹어주면서 졸여줬어요\n오목한 팬에 했음 좀 더 수월한데 ㅠ\n어쨌든 양념이 소세지에 골고루 묻어나면서\n졸아들때까지 볶아주시면되고요', 'image': 'https://recipe1.ezmember.co.kr/cache/recipe/2018/02/08/3d3ac47605ab9640d57d47d24f92dde81.jpg'}, {'description': '견과류를 위에 촥~ 뿌려주고\n한번 더 볶아주시면 비엔나 소세지강정 완성 ~\n견과류는 선택사항이니 꼭 넣진 않으셔도 되는데\n넣으시면 좀 더 고소한맛을 더하실수 있겠죠 ^^', 'image': 'https://recipe1.ezmember.co.kr/cache/recipe/2018/02/08/ae23af0b6385f505b32b91d49e9949f41.jpg'}, {'description': '비엔나소세지외에 다른 재료가 들어가지 않고\n양념만 만들어주면 되니 더욱 간단하게 느껴지는데요\n여기에 떡을 같이 넣어서 해먹어도 아주 맛있어요 ~\n떡을 같이 넣어주실땐 양념 비율을 좀 더 높게\n잡아주시면 되고요\n조금 더 매콤하게 드시고 싶다! 하시면\n고추장을 조금 추가해서 만들어주세요', 'image': 'https://recipe1.ezmember.co.kr/cache/recipe/2018/02/08/c8201c1c60fae3b2d44dcb4aa7d4f0c51.jpg'}]"
https://recipe1.ezmember.co.kr/cache/recipe/2016/08/20/2146c8ef816630adcab6633818b3e4de1.jpg,소고기두부볶음 - 아이들 반찬/이유식 반찬으로도 최고죠~옛생각이 절로...,3인분,30분 이내,초급,"[{'name': '두부', 'quantity': '1/2모'}, {'name': '다진소고기', 'quantity': '140g'}, {'name': '다진소고기', 'quantity': '140g'}, {'name': '맛술', 'quantity': '1/2큰술'}, {'name': '간장', 'quantity': '1큰술'}, {'name': '설탕', 'quantity': '1/3큰술'}, {'name': '참기름', 'quantity': '1큰술'}, {'name': '다진마늘', 'quantity': '1/2큰술'}, {'name': '다진파', 'quantity': '1큰술'}, {'name': '후추', 'quantity': '톡톡'}, {'name': '들기름', 'quantity': ''}, {'name': '올리브유', 'quantity': ''}]","[{'description': '다진소고기는 140그람이 있어서 준비.\n뭐~~더 많이 넣으셔도 됩니다.', 'image': 'https://recipe1.ezmember.co.kr/cache/recipe/2016/08/20/b4d18dcc5b965e7590d048bf398da2931.jpg'}, {'description': '소고기는 밑간해주세요.\n다진소고기140그람, 맛술1/2큰술, 간장1큰술, 설탕1/3큰술,참기름1큰술,\n다진마늘1/2큰술, 다진파1큰술, 후추톡톡톡\n간장과 설탕의 양은 조절하세요.\n간장에따라..설탕에따라 짠맛단맛이 천차만별...\n^^', 'image': 'https://recipe1.ezmember.co.kr/cache/recipe/2016/08/20/6ea4f5052a00facac65f963c3f980aa11.jpg'}, {'description': '두부는 깍뚝깍뚝 썰어서 키친타올에서 물기좀 제거해주세요.\n그래야 더 단단하게 부쳐집니다.', 'image': 'https://recipe1.ezmember.co.kr/cache/recipe/2016/08/20/0ebacca10ce6b3044480deb15dbb3b071.jpg'}, {'description': '물기 제거한 두부는 들기름반...올리브유 반...\n두르고\n노릇노릇 부쳐주세요.', 'image': 'https://recipe1.ezmember.co.kr/cache/recipe/2016/08/20/65887a6464b157714532d0d05552e3171.jpg'}, {'description': '노릇노릇 부친 두부는 한켠으로 밀어내고.', 'image': 'https://recipe1.ezmember.co.kr/cache/recipe/2016/08/20/01acdcf0b381934ce06dfebfb05d01d31.jpg'}, {'description': '밑간해둔 다진소고기를 볶아 줍니다.\n번거로움을 줄이기위함.\n잔머리 딩굴딩굴~~', 'image': 'https://recipe1.ezmember.co.kr/cache/recipe/2016/08/20/edb00fd6757227df018c309728ef6b531.jpg'}, {'description': '고기가 다 볶아지면...\n고루 섞어내주면 되지요~~\n두부랑 섞어요~~\n섞어서 휙~볶아주고 끝!!\n쉽죠~\n맛있죠~', 'image': 'https://recipe1.ezmember.co.kr/cache/recipe/2016/08/20/99df5f1891ce4158cf17ac362c8dda0a1.jpg'}]"
https://recipe1.ezmember.co.kr/cache/recipe/2024/04/02/e06ab7897edb32ecfa89b1b1a71d6eda1.jpg,고추장 냉이무침 입안에 봄이 가득 맛있는 냉이요리 냉이손질법 냉이나물,2인분,20분 이내,초급,"[{'name': '냉이', 'quantity': '100g'}, {'name': '대파', 'quantity': '1/4개'}, {'name': '소금', 'quantity': '1/2큰술'}, {'name': '범일 고추장', 'quantity': '1/2큰술'}, {'name': '간장', 'quantity': '1/2큰술'}, {'name': '매실액', 'quantity': '1/2큰술'}, {'name': '식초', 'quantity': '1/2큰술'}, {'name': '다진마늘', 'quantity': '1작은술'}, {'name': '참기름', 'quantity': '1큰술'}, {'name': '통깨', 'quantity': '1/2큰술'}]","[{'description': '시든 잎은 제거하고 뿌리의 잔털과 흙은 칼등으로 살살 긁어주세요.\n조리용나이프\n냉이 손질법 레시피', 'image': 'https://recipe1.ezmember.co.kr/cache/recipe/2024/04/02/bba7acb4b1afe2ebeb129f256b089c6c1.jpg'}, {'description': '끓는 물에 소금을 넣고 손질할 냉이를 1분 30초간 데쳐주세요.\n냄비 , 조리주걱', 'image': 'https://recipe1.ezmember.co.kr/cache/recipe/2024/04/02/d6376bb9d15c2e8b1877d8cfdef53a8b1.jpg'}, {'description': '분량의 양념을 섞어 양념장을 만들어주세요.\n소스볼 , 스푼', 'image': 'https://recipe1.ezmember.co.kr/cache/recipe/2024/04/02/1bfe2fa1c58096c59657112937eb14331.jpg'}, {'description': '양념과 참기름을 넣고 무쳐 완성해주세요.\n믹싱볼', 'image': 'https://recipe1.ezmember.co.kr/cache/recipe/2024/04/02/8f1bd204fc90a2061bd0239952ba755b1.jpg'}]"
https://recipe1.ezmember.co.kr/cache/recipe/2015/06/25/81e5599ca50934c6bdf6b3ef7d0aaf65.jpg,느끼함은 잠시 접어둔 담백한 참치까스,2인분,60분 이내,초급,"[{'name': '델큐브 참치', 'quantity': '2캔'}, {'name': '양파', 'quantity': '1/4개'}, {'name': '당근', 'quantity': '조금'}, {'name': '대파', 'quantity': '1대'}, {'name': '계란', 'quantity': '1개'}, {'name': '다진마늘', 'quantity': '1작은술'}, {'name': '후추', 'quantity': '조금'}, {'name': '소금', 'quantity': '1작은술'}]","[{'description': '참치는 위생비닐을 끼고, 손으로 으깨어 주세요.', 'image': 'https://recipe1.ezmember.co.kr/cache/recipe/2015/06/26/25721a560e86881920b576dbabd4ed971.jpg'}, {'description': '양파. 당근. 대파 뿐만 아니라 냉장고안의 자투리 야채를 아무거나 사용하셔도 되요.', 'image': 'https://recipe1.ezmember.co.kr/cache/recipe/2015/06/26/60def1037295f25c23adc358660d2e021.jpg'}, {'description': '양파는 수분이 많으므로, 잘게 썰은뒤에 마른 후라이팬에 넣고 중불에서 살짝 볶아주세요.', 'image': 'https://recipe1.ezmember.co.kr/cache/recipe/2015/06/26/f548168d93d173780f857bdc6158bf581.jpg'}, {'description': '분량의 재료를 모두 볼에 담은후에 골고루 섞어가며 치대어 줍니다. 반죽이 너무 질 경우에는 빵가루나 전분으로 되기를 맞춰주세요.', 'image': 'https://recipe1.ezmember.co.kr/cache/recipe/2015/06/26/74e7eb30e7a42d459a236f90443638d91.jpg'}, {'description': '많이 치댄후 반죽은 두툼하게 원형모양으로 모양을 만들어 주세요.', 'image': 'https://recipe1.ezmember.co.kr/cache/recipe/2015/06/26/ee54f2a08bd951d251f1ba3133a580a51.jpg'}, {'description': '밀가루 혹은 부침가루. 계란. 빵가루 순으로 반죽에 옷을 입혀 주세요.', 'image': 'https://recipe1.ezmember.co.kr/cache/recipe/2015/06/26/6657f693d88b6e4fcff689016ece87ac1.jpg'}, {'description': '이렇게 만드셔서 냉동실 보관하며 가끔 반찬으로 굽거나, 튀겨서 주면 돈가스 인기 못지 않아요.', 'image': 'https://recipe1.ezmember.co.kr/cache/recipe/2015/06/26/c3278599ed88149ab5c3d131b5c3ccdf1.jpg'}, {'description': '튀기는 것보다 후라이팬에서 앞뒤로 노릇노릇~ 익혀주면 기름기를 훨씬 덜 흡수하겠죠?', 'image': 'https://recipe1.ezmember.co.kr/cache/recipe/2015/06/26/eaf815db3dd19cca0c4ee3db258ac9581.jpg'}, {'description': '취향껏~ 소스를 뿌려 드시면 되요.', 'image': 'https://recipe1.ezmember.co.kr/cache/recipe/2015/06/26/15e731c3bed2d2c6f10f16f6a4c6166e1.jpg'}]"
https://recipe1.ezmember.co.kr/cache/recipe/2016/05/10/5d7b179b1126968b574cd08aa1f185721.jpg,[반찬] 숙주새우달걀볶음,2인분,15분 이내,아무나,"[{'name': '숙주', 'quantity': '2-3줌'}, {'name': '달걀', 'quantity': '1-2개'}, {'name': '새우', 'quantity': '10-12마리'}, {'name': '양파', 'quantity': '1/2개'}, {'name': '청양고추', 'quantity': '1-2개'}, {'name': '쪽파', 'quantity': '1줌'}, {'name': '굴소스', 'quantity': '2T'}, {'name': '간장', 'quantity': '1-1.5T'}, {'name': '다진마늘', 'quantity': '1T'}, {'name': '참기름', 'quantity': '0.5T'}, {'name': '후추', 'quantity': '약간'}, {'name': '통깨', 'quantity': '약간'}, {'name': '청주', 'quantity': '1T'}, {'name': '소금', 'quantity': '톡톡'}, {'name': '후추', 'quantity': '톡톡'}]","[{'description': '재료를 준비해 주세요. 숙주는 깨끗이 씻어 준비하고 양파, 청양고추, 쪽파는 적당한 크기로 썰어주세요. 달걀은 잘 풀어서 준비해주세요.', 'image': 'https://recipe1.ezmember.co.kr/cache/recipe/2016/05/10/ebeed3d631c20cb81d8f6f1b7cfc064e1.jpg'}, {'description': '분량의 양념장을 모두 잘 섞어 준비해주세요.\n단맛을 위해 설탕이나 올리고당 살짝 추가하셔도 좋아요', 'image': 'https://recipe1.ezmember.co.kr/cache/recipe/2016/05/10/628ac6bf9ee8521ba16ffd0dfe48f23e1.jpg'}, {'description': '새우는 청주 1T, 소금, 후추를 조금씩 넣어 버물버물 해주세요.', 'image': 'https://recipe1.ezmember.co.kr/cache/recipe/2016/05/10/966dfc463a3ca7ee5057e98b526affba1.jpg'}, {'description': '팬에 기름을 두르고', 'image': 'https://recipe1.ezmember.co.kr/cache/recipe/2016/05/10/f4dd52a66ffe73a3ee4c31d252809ff91.jpg'}, {'description': '약불에서 달걀물을 부어 스크램블을 만들어 주세요. 살짝만 익힌 후 접시에 따로 담아두세요.', 'image': 'https://recipe1.ezmember.co.kr/cache/recipe/2016/05/10/e5a60a6915475ff8a23e9675df2da0f11.jpg'}, {'description': '스크럼블 만든 팬에 그대로 기름을 조금 추가하고 양파 넣고 약 1분간 센불에서 볶아주세요.', 'image': 'https://recipe1.ezmember.co.kr/cache/recipe/2016/05/10/d58e4a491c53393d3cc6fce1e90365251.jpg'}, {'description': '그 다음 새우를 넣어 약 4-5분간 새우가 익을때까지 볶아주세요.', 'image': 'https://recipe1.ezmember.co.kr/cache/recipe/2016/05/10/1860e1e81a07676296f7224b8d283cf31.jpg'}, {'description': '새우가 익으면 숙주를 듬뿍 올리고 양념장을 넣어주세요.', 'image': 'https://recipe1.ezmember.co.kr/cache/recipe/2016/05/10/98320361235d7c8aa7bfd9dbdb9fd86c1.jpg'}, {'description': '그리고 아까 만들어둔 스크럼블 에그, 대파, 청양고추를 넣어 약 1-2분간 뒤적거리다 불을 꺼주세요. 간보고 싱거우면 소금을 살짝 추가해주세요.', 'image': 'https://recipe1.ezmember.co.kr/cache/recipe/2016/05/10/43fb8276482403d46b0dcea39eed7fa61.jpg'}]"
https://recipe1.ezmember.co.kr/cache/recipe/2022/06/08/cb2fb7af53a9b5b6dd31512e90c60fd11.jpg,부추나물 [향긋한 부추로 만든 초간단 나물요리! 부추를 맛있게 많이 먹을 수 있는 영양 듬뿍 채소 반찬!],2인분,20분 이내,아무나,"[{'name': '부추', 'quantity': '1줌'}, {'name': '다진마늘', 'quantity': '1/2스푼'}, {'name': '소금', 'quantity': '2꼬집'}, {'name': '참기름', 'quantity': '1스푼'}, {'name': '깨', 'quantity': '1/2스푼'}]","[{'description': '부추 1줌을 준비해 주시고요.\n깨끗하게 손질한 후\n끓는물에 넣고 데쳐주세요.\n부추는 워낙 금방 익기 때문에\n5초 정도만 데치면 충분해요.\n부추 손질법 레시피', 'image': 'https://recipe1.ezmember.co.kr/cache/recipe/2022/06/08/429e8477b966809a00f025edbd8280fa1.jpg'}, {'description': '데친 부추를 바로 찬물에 넣고\n열기를 빼 주시고요.\n물기를 꼭 자서\n그릇에 담아주세요.', 'image': 'https://recipe1.ezmember.co.kr/cache/recipe/2022/06/08/6fea9b351b2a4f67e868558be21017961.jpg'}, {'description': '다진마늘 1/2스푼, 소금 2꼬집,\n참기름 1스푼\n양념들을 넣어주세요.', 'image': 'https://recipe1.ezmember.co.kr/cache/recipe/2022/06/08/05ec54903e143c7f6935b156337c867f1.jpg'}, {'description': '조물조물 무쳐주시고요.\n깨 1/2스푼 뿌리고\n마무리해 주세요.', 'image': 'https://recipe1.ezmember.co.kr/cache/recipe/2022/06/08/ada2f57c15a6e9f25e7ebf35b2bf6ef11.jpg'}, {'description': '향긋한 부추를 살짝만 데쳐서\n최소한의 양념만으로\n담백하게 무친\n부추나물이 완성됐어요.\n부추는 따뜻한 성질을 지니고 있고\n섬유질도 풍부하기 때문에\n건강에 정말 좋잖아요?\n요리에 넣어 먹는 것은\n아무래도 한계가 있으니\n이렇게 부추나물로 만들어 먹으면\n맛있게 많이 먹을 수 있어서\n좋을 것 같네요.', 'image': 'https://recipe1.ezmember.co.kr/cache/recipe/2022/06/08/250abdd776e5cec7ef4ee75f92a9f8fb1.jpg'}]"
https://recipe1.ezmember.co.kr/cache/recipe/2019/04/10/784e5b98059c72fe8dc1a49d473e7f4e1.jpg,배추나물 무침 만드는법 다이어트 반찬,2인분,30분 이내,아무나,"[{'name': '속배추', 'quantity': '300g'}, {'name': '소금', 'quantity': '1ts'}, {'name': '국간장', 'quantity': '1ts'}, {'name': '참기름', 'quantity': '1ts'}, {'name': '참깨', 'quantity': '1ts'}]","[{'description': '먼저 속배추 10장정도를 너무 얇지 않은 사이즈로 잘라주세요', 'image': 'https://recipe1.ezmember.co.kr/cache/recipe/2019/04/10/5d34b65a09a8d173cef3b04c8741b5621.jpg'}, {'description': '그리고 살짝 데쳐줄거에요 너무 많이 데치면 식감이 떨어지기 때문에 살짝 데쳐주면 된답니다:)', 'image': 'https://recipe1.ezmember.co.kr/cache/recipe/2019/04/10/8d56002853aac63539b28edd5ac8dab51.jpg'}, {'description': '배추가 부드러워지면 체에 건져내어 물기를 빼줍니다 체에 받혀 놓고 조금만 시간이 지나면 물기가 빠지는데요\n일부러 손으로 짜지 마세요 뭉개져서 맛이 없어요^^;;', 'image': 'https://recipe1.ezmember.co.kr/cache/recipe/2019/04/10/f9332f87208a045d8f98fe342e2d06ce1.jpg'}, {'description': '물기를 뺀 배추를 볼에 담고 이제 양념을 해주면 되는데요 소금 1ts과 국간장 1ts, 참기름 1t을 넣어서 조물 조물 해주세요', 'image': 'https://recipe1.ezmember.co.kr/cache/recipe/2019/04/10/c069b77d691a659711f9d139d0cd9b7e1.jpg'}, {'description': '마지막으로 통깨 1ts을 넣어 마무리 해 줍니다:)', 'image': 'https://recipe1.ezmember.co.kr/cache/recipe/2019/04/10/9c3c88c31d7da9703f224018faa999011.jpg'}, {'description': '너무 쉽고 간단해서 10분이면 만드실 수 있으실거에요 ㅎㅎ 보통 배추는 겉절이를 많이들 해 드시잖아요 그런데 이렇게 데쳐서 무쳐 먹으면 아이들도 잘 먹고 다이어트에도 참 좋아요:)', 'image': 'https://recipe1.ezmember.co.kr/cache/recipe/2019/04/10/6be82e945ff1a9cedef5ba2c4c55def11.jpg'}]"
https://recipe1.ezmember.co.kr/cache/recipe/2018/07/12/211a169445837d4f72ab65c370acd4e61.jpg,초간단 밑반찬 파프리카버섯볶음 굴소스가 포인트,4인분,10분 이내,아무나,"[{'name': '파프리카 빨강이', 'quantity': '1개'}, {'name': '파프리카 노랑이', 'quantity': '1개'}, {'name': '느타리버섯', 'quantity': '1팩'}, {'name': '대파', 'quantity': '2대'}, {'name': '올리브유', 'quantity': '1숟가락'}, {'name': '굴 소스', 'quantity': '1~2숟가락'}, {'name': '깨', 'quantity': '1작은술'}]","[{'description': '굴소스 이용한 초간단 반찬이에요.\n아이들 반찬으로 만드신다면 굴소스 1큰술만!\n어른들 드신다면 2수저 넣어 짭조름해도 괜찮아요.', 'image': 'https://recipe1.ezmember.co.kr/cache/recipe/2018/07/12/e517ada16238b429c447d8cc0e8a150a1.jpg'}, {'description': '파프리카버섯볶음 재료\n재료 샷 찰칵~!\n흐르는 물에 씻어주고요.', 'image': 'https://recipe1.ezmember.co.kr/cache/recipe/2018/07/12/51efc07af1a510bf0183afe51534cf761.jpg'}, {'description': '대파는 손가락 길이 정도로 잘라주세요.', 'image': 'https://recipe1.ezmember.co.kr/cache/recipe/2018/07/12/035b4f1a4d0d53ffe2767b3e0cdc42451.jpg'}, {'description': '파프리카도 손가락 길이 정도로 잘라주세요.', 'image': 'https://recipe1.ezmember.co.kr/cache/recipe/2018/07/12/a4664cd5f8c93f1fd1484b88568046321.jpg'}, {'description': '이때 파프리카 위아래 꽁다리 부분은', 'image': 'https://recipe1.ezmember.co.kr/cache/recipe/2018/07/12/9762bda1f95ec4ad6e2098cbc22d68dd1.jpg'}, {'description': '다져서 냉동실에 넣어놓으면 다양하게 쓰여요.', 'image': 'https://recipe1.ezmember.co.kr/cache/recipe/2018/07/12/4b744b78cbae736db556041ff62651eb1.jpg'}, {'description': '요렇게 담아두면 볶음밥, 짜장, 카레, 계란찜 등에 넣어 활용 가능해요!\n요거 활용하는 레시피도 조만간 바로 올리도록 하죠^^', 'image': 'https://recipe1.ezmember.co.kr/cache/recipe/2018/07/12/75f0c15b423518f7cfdba43fdcca7c981.jpg'}, {'description': '느타리버섯은 흐르는 물에 가볍게 씻어주고 잘게 찢어 준비했어요.', 'image': 'https://recipe1.ezmember.co.kr/cache/recipe/2018/07/12/94bf31ec48e478151ac71b386c07bcb01.jpg'}, {'description': '올리브유를 두른 팬에 중불로 파프리카를 먼저 볶아주세요.', 'image': 'https://recipe1.ezmember.co.kr/cache/recipe/2018/07/12/1a5fb52f98b5ee7a04afc8dd561ea84b1.jpg'}, {'description': '파프리카를 볶다가 느타리버섯을 넣어주고~', 'image': 'https://recipe1.ezmember.co.kr/cache/recipe/2018/07/12/8fd33cec57418de930bbbe4de55a88e21.jpg'}, {'description': '굴 소스 1 큰 술 넣어주었어요.\n느타리버섯에서 물이 생기지 않게 센 불로 휘리릭 볶아주는 게 포인트!', 'image': 'https://recipe1.ezmember.co.kr/cache/recipe/2018/07/12/7c401e61a37aa08c1307386de54a06591.jpg'}, {'description': '굴 소스가 잘 버무려지면', 'image': 'https://recipe1.ezmember.co.kr/cache/recipe/2018/07/12/d0dac0191ef55bbcd9164417e4e6f3641.jpg'}, {'description': '막으로 대파를 넣어 볶아줍니다.', 'image': 'https://recipe1.ezmember.co.kr/cache/recipe/2018/07/12/1cd48f82a912b03c180e32ad40cca9761.jpg'}, {'description': '숨만 죽을 정도로!', 'image': 'https://recipe1.ezmember.co.kr/cache/recipe/2018/07/12/b74628d25cd988716ef66048847c772c1.jpg'}, {'description': '깨 1 작은 수저 넣어 마무리~!', 'image': 'https://recipe1.ezmember.co.kr/cache/recipe/2018/07/12/adc901eafd7f124b5b7d4e8c496e2d651.jpg'}, {'description': '색감 이쁜 파프리카 버섯볶음 완성~!\n대파 대신 부추를 넣어도 맛있어요.\n아이들 반찬으로 만들었는데~맛있고요.\n가끔은 여기다 당면을 불려 함께 볶아주기도 하는데 유리가 좋아해요.', 'image': 'https://recipe1.ezmember.co.kr/cache/recipe/2018/07/12/9f5860f8bb987dfdae7eace7353986a51.jpg'}]"
https://recipe1.ezmember.co.kr/cache/recipe/2024/11/05/2fc6d412a3fddca421a95975f11b00f11.jpg,얼갈이무침 이렇게 만들면 정말 맛있어요 얼갈이들깨무침 레시피,4인분,10분 이내,아무나,"[{'name': '얼갈이\n손질전 무게', 'quantity': '1kg'}, {'name': '다진마늘', 'quantity': '2/3T'}, {'name': '국간장', 'quantity': '1T'}, {'name': '갈은깨', 'quantity': '1.5T'}, {'name': '들기름', 'quantity': '1.5T'}, {'name': '고운 들깨가루', 'quantity': '3T'}, {'name': '고운소금\n소금은 기호에 맞게 조절', 'quantity': '1/2T'}]","[{'description': '얼갈이 1키로 준비합니다. 손질전 무게입니다(누런잎 없었습니다)', 'image': 'https://recipe1.ezmember.co.kr/cache/recipe/2024/11/05/147ecc9926b4e1239d50e2011f95ecfe1.png'}, {'description': '얼갈이의 밑둥만 제거하고 세척해줍니다. 저는 밑둥만 제거하고 데쳤는데요 먹기 좋게 썰어서 데쳐도 됩니다.\n니트릴장갑 , 믹싱볼 , 조리용나이프', 'image': 'https://recipe1.ezmember.co.kr/cache/recipe/2024/11/05/2e152cb920eeb8438ff5d4c9c86fdba71.jpg'}, {'description': '끓는물에 굵은소금 소량(1T정도) 넣고요~ 얼갈이를 넣은후 한번 골고루 뒤적인후 바글바글 끓어오르면 바로 건져줍니다.\n냄비 , 조리주걱', 'image': 'https://recipe1.ezmember.co.kr/cache/recipe/2024/11/05/fe0f894f664938186fad78a3aed2aca61.jpg'}, {'description': '데친 얼갈이를 찬물에 헹궈주시고요~체에 받쳐 물기를 빼줍니다.\n채반', 'image': 'https://recipe1.ezmember.co.kr/cache/recipe/2024/11/05/ac4d7042a75e142f2f192d3587101bb21.jpg'}, {'description': '데친 얼갈이를 손으로 물기를 짠후 먹기 좋게 썰어줍니다.\n도마 , 조리용나이프', 'image': 'https://recipe1.ezmember.co.kr/cache/recipe/2024/11/05/922de5f69e5f37a914cfc7cb0cd01c081.jpg'}, {'description': '그릇에 손질한 얼갈이배추 넣고요~ 가닥가닥 풀어준후~ 다진마늘2/3T.국간장1T.갈은깨1T반.들기름1T반.고운소금1/2T정도 넣고 조물조물 무치면 완성입니다.', 'image': 'https://recipe1.ezmember.co.kr/cache/recipe/2024/11/05/71baddeea56175c835bb0b28a33b79ae1.jpg'}]"
https://recipe1.ezmember.co.kr/cache/recipe/2018/10/21/908b60f6bd193e12eef66238ec166a5f1.jpg,고소함이 남다른 백종원 '들기름계란후라이'초간단 레시피,2인분,10분 이내,아무나,"[{'name': '계란', 'quantity': '3개'}, {'name': '들기름', 'quantity': '3T'}, {'name': '대파', 'quantity': '1대'}, {'name': '국간장', 'quantity': '1/2T'}, {'name': '통깨', 'quantity': '솔솔'}]","[{'description': '먼저 대파를 잘게 썰어 줍니다.', 'image': 'https://recipe1.ezmember.co.kr/cache/recipe/2018/10/21/20f8bf3bd4dba19ca1d38ef76a6996801.jpg'}, {'description': '달궈진 팬에 들기름3스푼 둘러 주세요\n*들기름 양은 사용하는 계란 갯수만큼 맞쳐 주시면 적당할것 같아요 (예:계란5개-들기름5T)', 'image': 'https://recipe1.ezmember.co.kr/cache/recipe/2018/10/21/fa430fa257f926699e89a854e7539f511.jpg'}, {'description': '들기름에 대파를 달달 볶아 줍니다. 대파향이 어느 정도 나게 볶아 주세요', 'image': 'https://recipe1.ezmember.co.kr/cache/recipe/2018/10/21/964541e7ce7f04dca2916598c265a4691.jpg'}, {'description': '대파위에 계란3개를 깨서 반숙으로 익혀 주셔요\n반숙 싫으시면 노른자 톡 터트려 주세요', 'image': 'https://recipe1.ezmember.co.kr/cache/recipe/2018/10/21/fd8e3377bc3d6e475e1ff4f805e042621.jpg'}, {'description': '계란후라이 담을 접시에 국간장 1/2스푼 뿌려 주시구요. 이제 접시 위에 계란 후라이 담아주고 통깨 솔솔 뿌려주심 끝!\n국간장을 계란후라이 위에 뿌리셔도 되는데 깔끔한게 좋아 아래에 뿌렸어요', 'image': 'https://recipe1.ezmember.co.kr/cache/recipe/2018/10/21/eeaf078045c5ae34dba8205b1baeba891.jpg'}, {'description': ""고소함이 남다른 밥도둑 반찬 백주부님 '들기름계란후라이'완성입니다. 한입 먹어보니 고소한 들기름에 대파향이 쏴악 감돌면서 넘 맛있어요. 김가루 좀 넣고 슥슥 비벼도 고소함 가득하니 꿀맛입니다"", 'image': 'https://recipe1.ezmember.co.kr/cache/recipe/2018/10/21/31fff9c986fdd6c50185d4a6ae46bbaf1.jpg'}]"
https://recipe1.ezmember.co.kr/cache/recipe/2016/10/01/1ecfd9aa242318d78de1a782005fc0841.jpg,새우 is 뭔들~ 카레버터새우볶음,3인분,15분 이내,아무나,"[{'name': '새우', 'quantity': '15마리'}, {'name': '양파', 'quantity': '1/2개'}, {'name': '당근', 'quantity': '1/3개'}, {'name': '마늘', 'quantity': '10알'}, {'name': '청양고추', 'quantity': '1-2개'}, {'name': '식용유', 'quantity': '1T'}, {'name': '버터', 'quantity': '1t'}, {'name': '카레가루', 'quantity': '0.5T'}, {'name': '후추', 'quantity': '약간'}, {'name': '소금', 'quantity': '약간'}, {'name': '청주', 'quantity': '1T'}, {'name': '소금', 'quantity': '1꼬집'}, {'name': '후추', 'quantity': '약간'}]","[{'description': '새우 밑간 재료를 넣어 잘 버무려 주세요.\n청주 1T, 소금 한꼬집, 후추', 'image': 'https://recipe1.ezmember.co.kr/cache/recipe/2016/10/01/ff9fc1de4431f2dd42c59457aeca9b981.jpg'}, {'description': '팬에 기름 1T 두르고 마늘을 넣어 약불에서 약 2-3분간 볶아주세요.\n기름 1T, 마늘 10알\n약불\n마늘은 도톰하게 썰어주세요.', 'image': 'https://recipe1.ezmember.co.kr/cache/recipe/2016/10/01/bb4a00ccc837f596b914ab86591f186c1.jpg'}, {'description': '그 다음 중불로 올려 양파, 당근을 넣어 약 2분간 볶아주세요.\n양파, 당근\n중불\n양파와 당근은 작은 크기로 깍뚝 썰어주세요.', 'image': 'https://recipe1.ezmember.co.kr/cache/recipe/2016/10/01/1e6580cef1545d50c3b9e3a30d8e66af1.jpg'}, {'description': '약 2분 후, 새우를 넣어 약 2분간 볶아주세요.\n새우\n중불', 'image': 'https://recipe1.ezmember.co.kr/cache/recipe/2016/10/01/4729e053f3380e8b56d6768f1ce01e941.jpg'}, {'description': '볶아진 재료들을 한 쪽으로 치우고 버터 작은 한 조각을 넣어 잘 녹여주세요.\n버터 1t\n중불', 'image': 'https://recipe1.ezmember.co.kr/cache/recipe/2016/10/01/1a636ae8fe3afeaf5344be2fc27f2c6c1.jpg'}, {'description': '녹인 버터와 재료를 잘 섞은 다음 송송 썬 청양고추를 넣어 한번 더 섞은 후 불을 끄고 카레가루를 넣어 주세요.\n청양고추, 카레가루 0.5T', 'image': 'https://recipe1.ezmember.co.kr/cache/recipe/2016/10/01/d062360cab15061acf0d45752e9752161.jpg'}, {'description': '그 다음 후추 넣어 잘 섞으면 완성입니다. 부족한 간은 소금으로 맞춰주세요.\n후추, 소금', 'image': 'https://recipe1.ezmember.co.kr/cache/recipe/2016/10/01/0d229d9f330576144abd6b906b044aeb1.jpg'}]"
https://recipe1.ezmember.co.kr/cache/recipe/2026/04/06/173b98f67e0743b6b1b20358517ad3e11.jpg,꽈리고추 볶음 멸치없이도 충분히 맛있는 꽈리고추 요리,3인분,20분 이내,초급,"[{'name': '꽈리고추', 'quantity': '1봉지'}, {'name': '대파', 'quantity': '1대'}, {'name': '참기름', 'quantity': '약간'}, {'name': '통깨', 'quantity': '약간'}, {'name': '고춧가루', 'quantity': '2T'}, {'name': '진간장', 'quantity': '3T'}, {'name': '알룰로스', 'quantity': '1T'}, {'name': '미림', 'quantity': '1T'}, {'name': '다진 마늘', 'quantity': '1T'}, {'name': '꽈리고추', 'quantity': '35개'}, {'name': '대파', 'quantity': '1대'}, {'name': '참기름', 'quantity': ''}, {'name': '통깨', 'quantity': ''}]","[{'description': '분량의 꽈리고추 볶음 양념을 넣고 골고루 섞어 양념장을 만들어 주세요.', 'image': 'https://recipe1.ezmember.co.kr/cache/recipe/2026/04/06/6a2aa5f30f12041d5c3e0e935189ba721.jpg'}]"
https://recipe1.ezmember.co.kr/cache/recipe/2024/08/10/a566e55abdbd270466ab94e5427ba8541.jpg,계란 참치전 만드는법 간단한 밥반찬 야채 참치전 레시피,2인분,20분 이내,아무나,"[{'name': '참치\n150g', 'quantity': '1캔'}, {'name': '계란', 'quantity': '2개'}, {'name': '양파', 'quantity': '1/2'}, {'name': '대파\n흰부분 10cm', 'quantity': '1개'}, {'name': '당근', 'quantity': '1/3'}, {'name': '팽이버섯\n150g', 'quantity': '1봉지'}, {'name': '소금', 'quantity': ''}, {'name': '후추', 'quantity': '소량'}, {'name': '전분가루', 'quantity': '2T'}]","[{'description': '팽이버섯은 밑둥을 제거 하고 흐르는 물에 가볍게 씻어 준후 1~2cm 간격으로 썰어 줍니다.\n팽이버섯 한봉지 (150g)\n도마 , 조리용나이프\n팽이버섯 손질법', 'image': 'https://recipe1.ezmember.co.kr/cache/recipe/2024/08/10/084af007a57519f631e1397fc4b45ebd1.jpg'}, {'description': '야채들의 크기가 너무 크면 잘 뭉쳐지지 않고, 원하는 모양을 만들기 힘들기 때문에 양파, 대파, 당근은 최대한 잘게 잘라 줍니다\n양파1/2 대파 흰부분 10cm1개 당근1/3\n양파,대파,당근 이외 에도 냉장고에 있는 자투리 야채들을 넣어 줘도 됩니다.', 'image': 'https://recipe1.ezmember.co.kr/cache/recipe/2024/08/10/48fc313e26c3237db429ec1940bad2a41.jpg'}, {'description': '단백하게 먹기 위해서 참치기름은 제거 해줍니다. 채반에 받쳐 기름을 최대한 제거 해주세요.\n참치1캔 ( 150g)\n채반', 'image': 'https://recipe1.ezmember.co.kr/cache/recipe/2024/08/10/fa01e12665e3565da46cdf3bc6be79f01.jpg'}, {'description': '양파, 대파, 당근, 팽이버섯 손질해두었던 재료들을 볼에 담아 줍니다.\n볼', 'image': 'https://recipe1.ezmember.co.kr/cache/recipe/2024/08/10/be96b04f6e12051ebeda4523edb9f4e11.jpg'}, {'description': '기름을 뺀 참치와 계란 2개를 넣어 주고, 소금소량과 후추 소량 넣어 준후 전분가루 2T를 넣어 줍니다.\n계란2개소금,후추소량 전분가루2T\n조리용스푼', 'image': 'https://recipe1.ezmember.co.kr/cache/recipe/2024/08/10/b2552a7357ebc91b05be17122e7511471.jpg'}, {'description': '재료들을 잘 섞어 줍니다.', 'image': 'https://recipe1.ezmember.co.kr/cache/recipe/2024/08/10/cae06374cd447daa2fa87ed806afc0721.jpg'}, {'description': '팬에 식용유를 두른 후 반죽을 올려 줍니다. 모양이나 크기는 취향껏 조절 해주시면 되지만 , 김치전이나 해물파전 처럼 큰 모양으로는 뒤집기 어렵고, 부서 질수 있기 때문에 작게 부쳐주는것을 추천드립니다.\n프라이팬\n중불', 'image': 'https://recipe1.ezmember.co.kr/cache/recipe/2024/08/10/ea4c6b7b16ec8163670e2d89355e68161.jpg'}, {'description': '앞,뒤로 노릇노릇 하게 구워주면 간단한 밥 반찬인 참치전 완성입니다.\n중불', 'image': 'https://recipe1.ezmember.co.kr/cache/recipe/2024/08/10/68c22df64f94d5245d31151d8f6dfc651.jpg'}]"
https://recipe1.ezmember.co.kr/cache/recipe/2021/03/24/09b55dbc418dbf867d6ad72493688b001.jpg,닭안심냉채,4인분,30분 이내,아무나,"[{'name': '닭안심', 'quantity': '300g'}, {'name': '양파', 'quantity': '1/2개'}, {'name': '당근', 'quantity': '1/5개'}, {'name': '파프리카빨강', 'quantity': '1/4개'}, {'name': '파프리카노랑', 'quantity': '1/4개'}, {'name': '오이', 'quantity': '1/2개'}, {'name': '간장', 'quantity': '2T'}, {'name': '연겨자', 'quantity': '3T'}, {'name': '2배식초', 'quantity': '3T'}, {'name': '레몬즙', 'quantity': '3T'}, {'name': '마늘', 'quantity': '1T'}, {'name': '설탕', 'quantity': '3T'}, {'name': '매실청', 'quantity': '3T'}, {'name': '소금', 'quantity': '1꼬집'}]","[{'description': '안심 끓는물에 삶기 끓는물에 넣고 다시팔팔 끓으면 저어가며 10분더 익히기 찬물에 씻어내기', 'image': 'https://recipe1.ezmember.co.kr/cache/recipe/2021/03/24/db44647b1704262f0377c6aadc594c721.jpg'}, {'description': '채소(양파.당근.오이.파프리카)를 5cm정도 길이로 채썰어줍니다', 'image': 'https://recipe1.ezmember.co.kr/cache/recipe/2021/03/25/2f58baaa221cbd295abfde78ab0cc0161.jpg'}, {'description': '그릇에 가지런히 담습니다', 'image': 'https://recipe1.ezmember.co.kr/cache/recipe/2021/03/25/f8d76ec1d415797aab572504f256cbb61.jpg'}, {'description': '소스를 만듭니다 양념장 레시피대로 모두 섞어준비합니다', 'image': 'https://recipe1.ezmember.co.kr/cache/recipe/2021/03/25/135f641947d36baae8004d56b7eacef41.jpg'}, {'description': '저희가족은 앞접시에 먹을만큼 골고루 덜어 취향에 맞게 소스를 넣는답니다 맛있게 드세요~♡♡', 'image': 'https://recipe1.ezmember.co.kr/cache/recipe/2021/03/25/d2d874e7ee4e76826a48d2287cb73d6f1.jpg'}]"
https://recipe1.ezmember.co.kr/cache/recipe/2024/07/17/ac900dfea8ad375ee65e83a0f08aeabf1.jpg,가지나물,4인분,15분 이내,아무나,"[{'name': '가지', 'quantity': '3개'}, {'name': '마늘', 'quantity': '1/2스푼'}, {'name': '쪽파', 'quantity': '3줄기'}, {'name': '깨소금', 'quantity': '2스푼'}, {'name': '국간장', 'quantity': '2스푼'}, {'name': '참기름', 'quantity': '1스푼'}, {'name': '소금', 'quantity': '2꼬집'}]","[{'description': '손질한 가지는 반으로 자르고 다시 반으로 갈라서 준비해주세요.\n가지 3개\n도마 , 조리용나이프\n가지 손질법', 'image': 'https://recipe1.ezmember.co.kr/cache/recipe/2024/07/17/6e46a78004d6a48bf1c2a0fd3b9168331.jpg'}, {'description': '냄비에 물과 삼발이 찜기를 올리고 센 불에서 5분 찐 뒤 불을 끄고, 뜸을 1분 들여요.\n냄비 , 삼발이', 'image': 'https://recipe1.ezmember.co.kr/cache/recipe/2024/07/17/63a61fb8cd4312926fa422cb842112991.jpg'}, {'description': '뜸을 들인 후 삼발이 찜기를 들어내서 식혀주세요.', 'image': 'https://recipe1.ezmember.co.kr/cache/recipe/2024/07/17/08337f22d09fbff406fc2994b0a66e9d1.jpg'}, {'description': '완전히 식힌 가지는 양푼이에 담아 먹기 좋은 크기로 찢어주세요.\n믹싱볼', 'image': 'https://recipe1.ezmember.co.kr/cache/recipe/2024/07/17/1ac12cbf4fc1c5755f1c228b54b31d701.jpg'}, {'description': '찢어 놓은 가지에 마늘, 쪽파, 깨소금, 국간장, 소금, 참기름을 넣고 조심스럽게 버무려주세요.\n마늘 1/2스푼, 쪽파 3줄기, 깨소금 2스푼, 국간장 2스푼, 소금 2꼬집, 참기름 1스푼', 'image': 'https://recipe1.ezmember.co.kr/cache/recipe/2024/07/17/5dd660ac6203153d7e10bb1532d2e2e61.jpg'}, {'description': '담백하고 고소한 가지나물이 완성되었어요.', 'image': 'https://recipe1.ezmember.co.kr/cache/recipe/2024/07/17/7670bda3dfb9ea559c521fd6dfebec6c1.jpg'}]"
https://recipe1.ezmember.co.kr/cache/recipe/2019/11/27/189ba21e7cf907b6d1d68f09e595b5641.jpg,하찮은 냉동미니돈까스에서 고오급 난자완스 만들기,2인분,20분 이내,초급,"[{'name': '미니 돈까스', 'quantity': '23개'}, {'name': '고추장', 'quantity': '1큰술'}, {'name': '케첩', 'quantity': '1큰술'}, {'name': '간장', 'quantity': '1큰술'}, {'name': '올리고당', 'quantity': '2큰술'}, {'name': '다진마늘', 'quantity': '1큰술'}, {'name': '물', 'quantity': '2큰술'}, {'name': '참기름', 'quantity': '1/2큰술'}]","[{'description': '양념장 재료들을 넣고 잘 섞어주세요.', 'image': 'https://recipe1.ezmember.co.kr/cache/recipe/2019/11/27/e841c68ebcf0db0c48b7ec667578e9ce1.png'}, {'description': '프라이팬에 식용유를 넉넉하게 붓고\n미니 돈까스를 기름에 튀겨주세요.', 'image': 'https://recipe1.ezmember.co.kr/cache/recipe/2019/11/27/99a4acbcfe7594a3e37a4a5c974690ef1.png'}, {'description': '돈까스가 다 익으면 키친타올을 준비해서\n기름을 닦아주세요.', 'image': 'https://recipe1.ezmember.co.kr/cache/recipe/2019/11/27/626255e12cc1acd59afacc6c8ca2f1601.png'}, {'description': '소스를 붓고 자작하게 졸여주면 완성입니다.', 'image': 'https://recipe1.ezmember.co.kr/cache/recipe/2019/11/27/72d741dde24246211ff7d4bfa838d3af1.png'}]"
https://recipe1.ezmember.co.kr/cache/recipe/2021/11/09/220500b88a53caf9f8a0ab3593e2627e1.jpg,팽이버섯말이 만들기 실패없는 베이컨말이 레시피,1인분,30분 이내,초급,"[{'name': '팽이버섯', 'quantity': '1봉지'}, {'name': '베이컨', 'quantity': '6줄'}, {'name': '후추', 'quantity': '약간'}, {'name': '식용유', 'quantity': '약간'}]","[{'description': '팽이버섯은 밑동을 잘라\n흐르는 물에 씻은 뒤\n물기를 탈탈 털어줍니다.\n기본적인 버섯 하나만 준비해 주었는데\n기호에 따라 부추, 파프리카 등\n다른 재료를 같이 준비해도 좋아요.', 'image': 'https://recipe1.ezmember.co.kr/cache/recipe/2021/11/09/66423e89cce6d451e9f173901a1120bd1.jpg'}, {'description': '길이가 긴 베이컨은\n반으로 잘라주었어요.\n길이에 따라 등분하여 주면 됩니다.', 'image': 'https://recipe1.ezmember.co.kr/cache/recipe/2021/11/09/5d99a859a7a7b11dd02e110980ddd2c21.jpg'}, {'description': '베이컨 위에 버섯을 올려\n돌돌 말아줍니다.', 'image': 'https://recipe1.ezmember.co.kr/cache/recipe/2021/11/09/cf2163017d9687f95136aaaf38f9d8cc1.jpg'}, {'description': '너무 크게 집어서 말면\n하나씩 먹기 불편하니\n한입에 집어먹기 좋은 정도로만 말아주어요.', 'image': 'https://recipe1.ezmember.co.kr/cache/recipe/2021/11/09/29e6d323931db49c9d9a75e3bbb7302a1.jpg'}, {'description': '베이컨 팽이버섯말이는\n바로 구워서 먹어야 맛있기 때문에\n저녁에 먹을 것이라면\n말아두는 과정까지 만들어두어\n냉장고에 넣어두고 구워 먹으면\n간편하고 좋아요.', 'image': 'https://recipe1.ezmember.co.kr/cache/recipe/2021/11/09/d9705e93d39aedfca238a183062e29081.jpg'}, {'description': '팬에 식용유 약간을 두르고\n팽이버섯말이를 올려줍니다.', 'image': 'https://recipe1.ezmember.co.kr/cache/recipe/2021/11/09/f100025d042e0fff0405e66c9a3d7a2a1.jpg'}, {'description': '불은 중불로 해주고,\n이음새 부분을 먼저 바닥면에 놓고 구워준 뒤\n돌돌 굴려가며 익혀주어요.\n이음새 부분이 먼저 구워지면\n고정이 되어서 모양이 잡혀요.', 'image': 'https://recipe1.ezmember.co.kr/cache/recipe/2021/11/09/9aebef62fda34307abbb6dcaf40772f41.jpg'}, {'description': '노릇노릇 구워질 수 있도록\n돌돌 굴려가며 구워줍니다.\n느끼함을 잡아주기 위해\n약간의 후추도 톡톡 뿌려주었어요.', 'image': 'https://recipe1.ezmember.co.kr/cache/recipe/2021/11/09/5f14e7b1d2f33219a27593353ec787641.jpg'}, {'description': '뜨거울 때 그릇에 담아서\n맛있게 먹음 씹는 맛과 풍미가 참 좋아요.', 'image': 'https://recipe1.ezmember.co.kr/cache/recipe/2021/11/09/d67c908ba07c1c7e8e61aba28c7ef8d91.jpg'}]"
https://recipe1.ezmember.co.kr/cache/recipe/2019/01/19/77d4cf5abc30d38cbd02da1ead39d1301.jpg,"[핑거푸드] 다이어트에도 좋은 ""파프리카 계란찜""♪",1인분,10분 이내,아무나,"[{'name': '계란', 'quantity': '2개'}, {'name': '파프리카 빨강', 'quantity': '1개'}, {'name': '파프리카 노랑', 'quantity': '1개'}, {'name': '애호박 다진 것', 'quantity': '1스푼'}, {'name': '다진당근', 'quantity': '1스푼'}, {'name': '대파 다진 것', 'quantity': '1스푼'}, {'name': '소금', 'quantity': '약간'}]","[{'description': '우선 파프리카를 준비, 흐르는 물에 깨끗하게 씻어서 꼭지를 살짝만 남기고 잘라줍니다.', 'image': 'https://recipe1.ezmember.co.kr/cache/recipe/2019/01/19/19e610a7151e2a42d96f60f4a1c74cbc1.jpg'}, {'description': '파프리카 윗부분을 잘라서 뚜껑을 만들어 주고요~ 파프리카 속은 과도를 이용, 깨끗하게 파내주세요.', 'image': 'https://recipe1.ezmember.co.kr/cache/recipe/2019/01/19/f7bb766cac509a28dd34f00766d93a631.jpg'}, {'description': '계란2개를 잘 풀어서 준비합니다.', 'image': 'https://recipe1.ezmember.co.kr/cache/recipe/2019/01/19/495913af8bd21f544a99581422ee7e8e1.jpg'}, {'description': '애호박, 당근, 대파를 각각 잘게 다져서 1스푼 정도씩의 양이 나오게 준비하구요~', 'image': 'https://recipe1.ezmember.co.kr/cache/recipe/2019/01/19/2159829913ae39e64946ace039b1ee7e1.jpg'}, {'description': '미리 풀어놓은 계란물에 다진채소들을 넣고 소금간을 살짝 한 후에 잘 섞어주세요.', 'image': 'https://recipe1.ezmember.co.kr/cache/recipe/2019/01/19/d170a07c6b7a998e03f7782d22dbbe371.jpg'}, {'description': '그리고 숟가락으로 떠가며 파프리카 안에 계란물을 채워줍니다.\n계란찜은 익으면서 부풀기 때문에\n가득채우지 않고 파프리카 안 7~80%만 채워줍니다.', 'image': 'https://recipe1.ezmember.co.kr/cache/recipe/2019/01/19/789d0e655a09fbb655157dc9c8c72a3d1.jpg'}, {'description': '계란물을 넣고 나면 파프리카 뚜껑을 그대로 덮어줍니다.', 'image': 'https://recipe1.ezmember.co.kr/cache/recipe/2019/01/19/680ce1f54e1a8fdc526ff4a8bf8cfbc61.jpg'}, {'description': '접시째 그대로 옮겨 전자렌지에 넣어주고요~ 5분간 나눠 돌려줍니다.\n전자레인지\n전자렌지 사양에 따라 집마다 차이가 있기 때문에\n3분 먼저 돌리고 상태를 확인 후 추가로 더 돌려주면 됩니다.\n5분이 정해진건 아니니 상태봐가며 돌리세요.', 'image': 'https://recipe1.ezmember.co.kr/cache/recipe/2019/01/19/d28a5c2bf07051ec0aed94435728c2541.jpg'}, {'description': '완성된 파프리카 계란찜!!!', 'image': 'https://recipe1.ezmember.co.kr/cache/recipe/2019/01/19/a99d11319f8c96a233386f27b2e19a691.jpg'}, {'description': '한 김 식혔다가 4등분해서 핑거푸드 마냥 그냥 손으로 잡고 맛나게 먹어주면 됩니다.', 'image': 'https://recipe1.ezmember.co.kr/cache/recipe/2019/01/19/69a371d64df37dd18eed4cd8918b69c21.jpg'}, {'description': '파프리카 자체 수분가득한 채소의 아삭달콤함과 계란찜을 부드러움이 만나 최고랍니다.', 'image': 'https://recipe1.ezmember.co.kr/cache/recipe/2019/01/19/025ee787e0349d2f4364154ad7a46ae41.jpg'}]"
https://recipe1.ezmember.co.kr/cache/recipe/2017/08/17/5d22ca7fdd032ba2d35200962c530bdb1.jpg,간단 반찬-아이 반찬으로 좋은 감자볶음,3인분,30분 이내,아무나,"[{'name': '감자', 'quantity': '3개'}, {'name': '양파', 'quantity': '1/2개'}, {'name': '굴소스', 'quantity': '1스푼'}, {'name': '맛간장(진간장)', 'quantity': '3스푼'}, {'name': '설탕', 'quantity': '1스푼'}, {'name': '올리고당', 'quantity': '1스푼'}, {'name': '카놀라유', 'quantity': '1-2스푼'}, {'name': '다진마늘', 'quantity': '1/2스푼'}, {'name': '통깨', 'quantity': '조금'}]","[{'description': '감자는 먹기 좋은 크기로 썰어서 물에 헹궈주세요.양파도 적당한 크기로 썰어주세요', 'image': 'https://recipe1.ezmember.co.kr/cache/recipe/2017/08/17/b8552be9898b9c1c920eeedc94040fb31.jpg'}, {'description': '팬에 기름을 두르고 다진마늘 1/2을 넣고 마늘기름을 만들어주세요.약불로 해야 타지않아요', 'image': 'https://recipe1.ezmember.co.kr/cache/recipe/2017/08/17/2388d656deda13748215bd171a1eb7381.jpg'}, {'description': '마늘향이 올라오면 감자,양파를 넣고 볶아주세요', 'image': 'https://recipe1.ezmember.co.kr/cache/recipe/2017/08/17/2080197dbbc01ebc40dc1a2ad71206bd1.jpg'}, {'description': '3에 굴소스 1,맛간장 3,설탕 1을 넣고 볶아줍니다', 'image': 'https://recipe1.ezmember.co.kr/cache/recipe/2017/08/17/0a6e220485e97bb9ca1c72b0ac05f96d1.jpg'}, {'description': '뚜껑을 덮고 약불로 익혀주세요.이렇게하면 따로 물을 추가하지 않아도됩니다', 'image': 'https://recipe1.ezmember.co.kr/cache/recipe/2017/08/17/db85acb22700b334df6fcfa09ee29a671.jpg'}, {'description': '감자가 거의 익었을때 올리고당 1을 넣고 조금 더 조려줍니다', 'image': 'https://recipe1.ezmember.co.kr/cache/recipe/2017/08/17/3eb0a4c024785acc96c4fbd39d01073b1.jpg'}, {'description': '불을 끄고 통깨 솔솔 뿌려줍니다', 'image': 'https://recipe1.ezmember.co.kr/cache/recipe/2017/08/17/e0cc67d819230804359c80a23cba0fa11.jpg'}]"
https://recipe1.ezmember.co.kr/cache/recipe/2019/10/10/4f6965424396369346b9279f1c16e6721.jpg,"#간단한반찬, 고소함 터지는 들깨두부볶음",2인분,10분 이내,아무나,"[{'name': '두부', 'quantity': '180g'}, {'name': '들기름', 'quantity': '2T'}, {'name': '다진마늘', 'quantity': '1t'}, {'name': '간장', 'quantity': '1T'}, {'name': '매실청', 'quantity': '2T'}, {'name': '들깨가루', 'quantity': '1T'}]","[{'description': '두부를 전자레인지에 1분정도 돌려 물기를 빼준뒤, 먹기좋은 크기로 잘라주세요.\n전자레인지', 'image': 'https://recipe1.ezmember.co.kr/cache/recipe/2019/10/10/9909f9a3a0d7eedd0e9091eacfe1123a1.jpg'}, {'description': '들깨가루를 제외한 양념을 넣어 들기름과 섞어주세요.\n-약불로 뒤적뒤적 30초정도', 'image': 'https://recipe1.ezmember.co.kr/cache/recipe/2019/10/10/dd9774318fa564370940beda016a36671.jpg'}, {'description': '두부를 넣고 양념과 볶다가 들깨가루를 넣어주세요.\n-약불로 30초~1분', 'image': 'https://recipe1.ezmember.co.kr/cache/recipe/2019/10/10/81553f77ea02054cc66b8f58050715531.jpg'}, {'description': '들깨가루가 잘섞이도록 볶아주세요\n-30초정도 볶다가 불을끄고 나머지 잔열로 볶아주세요.', 'image': 'https://recipe1.ezmember.co.kr/cache/recipe/2019/10/10/3440d50a33d023076c0e59740f6901ef1.jpg'}]"
https://recipe1.ezmember.co.kr/cache/recipe/2026/03/11/53a3e82ca8646fffc9014f9da1b0fcb01.jpg,무생채 만드는법｜아삭한 10분 완성 초간단 무생채 레시피,3인분,10분 이내,아무나,"[{'name': '무\n약 400~500g', 'quantity': '1/3토막'}, {'name': '고춧가루', 'quantity': '2큰술'}, {'name': '멸치 액젓\n또는 까나리액젓', 'quantity': '1.5큰술'}, {'name': '매실청', 'quantity': '1.5~2큰술'}, {'name': '식초', 'quantity': '0.5큰술'}, {'name': '다진 마늘', 'quantity': '0.5큰술'}, {'name': '통깨', 'quantity': '1큰술'}, {'name': '소금\n선택', 'quantity': '약간'}]",[]
https://recipe1.ezmember.co.kr/cache/recipe/2020/11/10/4fd5af46a14810c45f8a0d69b9c957d21.png,아삭한 식감이 매력적인 단짠 반찬 마늘종 볶음,2인분,10분 이내,아무나,"[{'name': '마늘쫑', 'quantity': '130g'}, {'name': '대파', 'quantity': '40g'}, {'name': '양파', 'quantity': '40g'}, {'name': '다진마늘', 'quantity': '1/2T'}, {'name': '식용유', 'quantity': '2T'}, {'name': '통깨', 'quantity': '적당량'}, {'name': '참기름', 'quantity': '1/2T'}, {'name': '진간장', 'quantity': '2T'}, {'name': '올리고당', 'quantity': '1T'}]","[{'description': '재료를 손질해 주세요.\n- 양파는 채썰어 준비해주세요.\n- 마늘종은 4~5cm로 먹기 좋은 크기로 잘라주세요.\n- 대파는 총총 썰어 준비해주세요.', 'image': 'https://recipe1.ezmember.co.kr/cache/recipe/2020/11/10/9ec93a162a03f1d5a2b1ab66fec4f1051.jpg'}, {'description': '프라이팬에 식용유 2T를 두르고 손질한 대파를 넣은 뒤 파기름을 만들어 주세요.\n중간 불\n대파 표면이 노릇해질 정도로 볶아주세요.', 'image': 'https://recipe1.ezmember.co.kr/cache/recipe/2020/11/10/0a884c820453fe6dc977ff802a77ee121.jpg'}, {'description': '만들어진 파기름에 채썰은 양파를 넣고 30초 정도 볶아 파기름을 입혀줍니다.\n중간 불', 'image': 'https://recipe1.ezmember.co.kr/cache/recipe/2020/11/10/c52cf503336f20d1c60bf7bebc5c3cc51.jpg'}, {'description': '볶아진 양파에 마늘종을 넣고 30초 정도 볶아주세요.\n중간 불', 'image': 'https://recipe1.ezmember.co.kr/cache/recipe/2020/11/10/6fd3a0e64cd96ec5cee7886dc7c24b5f1.jpg'}, {'description': '볶아진 양파와 마늘종에 다진 마늘을 넣고 30초 정도 골고루 볶아주세요.\n중간 불', 'image': 'https://recipe1.ezmember.co.kr/cache/recipe/2020/11/10/fb2bf905cc0470b69d893e244c2ddb2b1.jpg'}, {'description': '프라이팬 가장자리나 가운데에 공간을 비워두고 진간장 2T를 2번에 나눠 부운 뒤 재료와 골고루 섞어가며 30초 정도 볶아주세요.\n중간 불\n간장을 조리듯이 끓이다가 양이 반으로 줄었을 때 재료와 섞어서 볶아주세요.', 'image': 'https://recipe1.ezmember.co.kr/cache/recipe/2020/11/10/5304effa407625e8707183d2604614a71.jpg'}, {'description': '간장에 볶아진 재료에 올리고당 1T를 넣고 골고루 어우러지도록 30초 정도 볶아줍니다.\n약한 불', 'image': 'https://recipe1.ezmember.co.kr/cache/recipe/2020/11/10/fdf4d5e4e51c72f33f9f9ba8bfaca26c1.jpg'}, {'description': '불을 끄고 참기름 1/2T를 두르고 통깨를 뿌려 마무리해줍니다.', 'image': 'https://recipe1.ezmember.co.kr/cache/recipe/2020/11/10/796918021c0be056370f68e4c13135bf1.jpg'}, {'description': '먹기 좋은 그릇에 담으면 아삭한 식감이 매력적인 단짠 매력 반찬 마늘종 볶음이 완성됩니다.', 'image': 'https://recipe1.ezmember.co.kr/cache/recipe/2020/11/10/2e4214efc2aa10275178763330a2b7f21.png'}]"
https://recipe1.ezmember.co.kr/cache/recipe/2018/03/20/a4d37a96f5a7ed13b4a1bdde57c679361.jpg,브로콜리참치전,2인분,30분 이내,아무나,"[{'name': '브로콜리 데친 것', 'quantity': '1줌'}, {'name': '참치\n150g', 'quantity': '1캔'}, {'name': '양파', 'quantity': '1/4개'}, {'name': '달걀', 'quantity': '1개'}, {'name': '부침가루', 'quantity': '1.5스푼'}, {'name': '파프리카\n노랑/빨강', 'quantity': '3숟가락'}, {'name': '소금', 'quantity': '적당량'}, {'name': '후춧가루', 'quantity': '적당량'}]","[{'description': '브로콜리는 송이송이 먹기 좋게 나눠주고\n끓는 물에 굵은소금 0.5를 넣고 살짝 데쳐주세요.\n브로콜리 1송이를 모두 데쳐 일부는 전에 넣어 사용했고요.\n나머지는 무침 해서 먹었는데요\n브로콜리 무침 레시피도 곧 올릴게요.', 'image': 'https://recipe1.ezmember.co.kr/cache/recipe/2018/03/20/07ceb14cd2455cb0d576ba32ab504ddf1.jpg'}, {'description': '데친 브로콜리 1줌, 양파 1/4, 파프리카 노랑, 빨간색을 모두 다져서 주고\n달걀 1개, 참치 1캔을 준비합니다.\n* 어른이 드실 때는 청양고추를 송송 썰어 함께 넣어도 좋아요.', 'image': 'https://recipe1.ezmember.co.kr/cache/recipe/2018/03/20/a44fd848208febc25b230fea0ded1fb41.jpg'}, {'description': '볼에 다진 채소와 참치를 넣고 달걀 1개, 부침가루 1.5 그리고 양념재료인\n소금, 후춧가루를 넣어 간을 하고\n재료를 고루 섞어주세요.\n.', 'image': 'https://recipe1.ezmember.co.kr/cache/recipe/2018/03/20/f51ecb2225adb919420704a8484a1d8d1.jpg'}, {'description': '부침가루를 너무 많이 넣으면 퍽퍽해요.\n그리고 참치 캔 기름은 너무 꽉 짜서 버리지 말고 조금 있게 넣어주세요', 'image': 'https://recipe1.ezmember.co.kr/cache/recipe/2018/03/20/c84d881b90260de79335f8cc6bae474a1.jpg'}, {'description': '팬에 숟가락을 이용해 반죽을 올려주고\n동글납작하게 모양을 만들어 주세요.', 'image': 'https://recipe1.ezmember.co.kr/cache/recipe/2018/03/20/d5bfc575a34c62e406ea21cb5dc95ea81.jpg'}, {'description': '앞뒤로 노릇하게 부쳐주면 끝!', 'image': 'https://recipe1.ezmember.co.kr/cache/recipe/2018/03/20/e565b985f6c2d130205ed31c4422a22c1.jpg'}, {'description': '브로콜리 참치 전 완성 ^^', 'image': 'https://recipe1.ezmember.co.kr/cache/recipe/2018/03/20/336a96d44142c9792a4ce1132943f1931.jpg'}]"
https://recipe1.ezmember.co.kr/cache/recipe/2024/12/01/4a6865d0a4b9148e22c5cb03ff8206de1.jpg,[가지양념구이] 간단하지만 맛있는 황금레시피 | 신혼밥상,2인분,30분 이내,초급,"[{'name': '가지', 'quantity': '2개'}, {'name': '물', 'quantity': '60ml'}, {'name': '밀가루', 'quantity': '2T'}, {'name': '진간장', 'quantity': '2T'}, {'name': '식초', 'quantity': '1T'}, {'name': '다진마늘', 'quantity': '1/2T'}, {'name': '꿀', 'quantity': '2T'}, {'name': '물', 'quantity': '3T'}, {'name': '청양고추', 'quantity': '조금'}]","[{'description': '일단 가지는 2개 준비해주세요.', 'image': 'https://recipe1.ezmember.co.kr/cache/recipe/2024/12/01/96819ffbaf0d7daae387a4225bbb3c771.jpg'}, {'description': '가지는 이렇게 잘라주시고,\n도마 , 조리용나이프', 'image': 'https://recipe1.ezmember.co.kr/cache/recipe/2024/12/01/d070f8f484c82c248deaf8da06fa43e01.jpg'}, {'description': '안에 양념이 베도록 칼집을 내주신 후', 'image': 'https://recipe1.ezmember.co.kr/cache/recipe/2024/12/01/aa00aa089eed3515635d26b3953066e81.jpg'}, {'description': '위에 소금을 뿌려주시고 안에 잘 베도록 문질문질해주신 후 15분정도 절여주세요~', 'image': 'https://recipe1.ezmember.co.kr/cache/recipe/2024/12/01/10180503ff030ce0be50dd136422dd671.jpg'}, {'description': '절여주시고 나면 위에 물이 나오는데 키친타올로 꾹꾹 눌러서 물기를 닦아주신 후\n키친타올', 'image': 'https://recipe1.ezmember.co.kr/cache/recipe/2024/12/01/9e4424d0433090ce0f0a6735420c69711.jpg'}, {'description': '이제 반죽물을 만들어줄게요~ 물 60ml에\n믹싱볼', 'image': 'https://recipe1.ezmember.co.kr/cache/recipe/2024/12/01/b0bbb08b9eb6c745cd15fc37b2c285d31.jpg'}, {'description': '밀가루 2T을 넣고 섞어주신 후\n숟가락', 'image': 'https://recipe1.ezmember.co.kr/cache/recipe/2024/12/01/f90b33caf87aba8be1b93cd77263b4b11.jpg'}, {'description': '가지에 골고루 입혀주시고', 'image': 'https://recipe1.ezmember.co.kr/cache/recipe/2024/12/01/c34d5587e97efcb8071190d3024c8c061.jpg'}, {'description': '프라이팬에 식용유를 넉넉히 둘러주시고\n프라이팬', 'image': 'https://recipe1.ezmember.co.kr/cache/recipe/2024/12/01/b4960edee7c5168d1bd69de6a092c6941.jpg'}, {'description': '앞뒤가 노릇노릇해지도록 구워주세요~', 'image': 'https://recipe1.ezmember.co.kr/cache/recipe/2024/12/01/73932b267fb7e30056cae53c80955c491.jpg'}, {'description': '구워졌으면 일단 접시에 따로 덜어놔주세요.\n접시', 'image': 'https://recipe1.ezmember.co.kr/cache/recipe/2024/12/01/d01735ce2a274b587ae47e8777750cd71.jpg'}, {'description': '이제 양념을 만들어줄게요~ 꿀 2T\n소스볼 , 숟가락', 'image': 'https://recipe1.ezmember.co.kr/cache/recipe/2024/12/01/7c9a2b45f6fdbcfea1140b576b08bf201.jpg'}, {'description': '진간장 2T', 'image': 'https://recipe1.ezmember.co.kr/cache/recipe/2024/12/01/972fc0e5107886b9a0ba1fb87f82e39a1.jpg'}, {'description': '식초 1T', 'image': 'https://recipe1.ezmember.co.kr/cache/recipe/2024/12/01/160e72f7057bb412a8d2dc4519cd46071.jpg'}, {'description': '다진마늘 1/2T', 'image': 'https://recipe1.ezmember.co.kr/cache/recipe/2024/12/01/de52b1f5acaeec3e4d8cd397770b53811.jpg'}, {'description': '청양고추 조금', 'image': 'https://recipe1.ezmember.co.kr/cache/recipe/2024/12/01/87b9c02fe9146621b1aca939905bf5111.jpg'}, {'description': '물 3T을 넣고 섞어주신 후', 'image': 'https://recipe1.ezmember.co.kr/cache/recipe/2024/12/01/e62e7d83ba79c2f9b1eaca5836e72e361.jpg'}, {'description': '후라이팬에 양념을 붓고 살짝 끓여주신 주세요~', 'image': 'https://recipe1.ezmember.co.kr/cache/recipe/2024/12/01/b874edd3a03f6e4b2a02d39305981faf1.jpg'}, {'description': '구워놓은 가지를 올려주신 후', 'image': 'https://recipe1.ezmember.co.kr/cache/recipe/2024/12/01/88177c9e144f255c84518692f8dad01c1.jpg'}, {'description': '양념을 골고루 묻혀주시면서 다시 한번 구워주시면~!', 'image': 'https://recipe1.ezmember.co.kr/cache/recipe/2024/12/01/b6ec010af2f26ca2783fb900310ed9fd1.jpg'}, {'description': ""아주아주 간편하고 맛있는 '가지양념구이' 완성~!!\n접시"", 'image': 'https://recipe1.ezmember.co.kr/cache/recipe/2024/12/01/c1ca35c6d05ec88514ce25b9c80254521.jpg'}]"
https://recipe1.ezmember.co.kr/cache/recipe/2023/08/11/999f002d302f947b11947d029faf084c1.jpg,오이 볶음 오이소고기볶음 소고기오이볶음 오이 반찬 여름 반찬,6인분 이상,30분 이내,초급,"[{'name': '오이', 'quantity': '3개'}, {'name': '소금', 'quantity': '1작은술'}, {'name': '소고기', 'quantity': '70g'}, {'name': '다진 대파', 'quantity': '1/2큰술'}, {'name': '설탕', 'quantity': '1/2큰술'}, {'name': '진간장', 'quantity': '1큰술'}, {'name': '맛술', 'quantity': '1큰술'}, {'name': '후춧가루', 'quantity': '조금'}, {'name': '식용유', 'quantity': '1큰술'}, {'name': '다진 마늘', 'quantity': '1큰술'}, {'name': '참기름', 'quantity': '1/2큰술'}, {'name': '통깨', 'quantity': '1큰술'}]","[{'description': '깨끗이 씻은 오이는 얇게 썰어 줍니다.\n오이가 얇을수록 수분이 빠져서 오독오독하니 식감도 좋고 맛있더라고요', 'image': 'https://recipe1.ezmember.co.kr/cache/recipe/2023/08/11/681455beaa9170a5ead7ce4614b52db51.jpg'}, {'description': '얇게 썬 오이는 소금 1 작은 술을 넣고 골고루 무쳐 20분 정도 절여 줍니다.', 'image': 'https://recipe1.ezmember.co.kr/cache/recipe/2023/08/11/f1632a4a64c841357cfc2168630b979d1.jpg'}, {'description': '소고기는 70g쯤 되는 양인데요. 채 썬 소고기 말고 다진 소고기를 준비해도 됩니다', 'image': 'https://recipe1.ezmember.co.kr/cache/recipe/2023/08/11/fd1babe39c8b869c5b47b18c20b2d3f31.jpg'}, {'description': '대파 흰 대 부분은 다져서 1/2 큰 술 준비합니다.', 'image': 'https://recipe1.ezmember.co.kr/cache/recipe/2023/08/11/4dece57d627a77eb82464b1b6b8c62ed1.jpg'}, {'description': '마늘은 다져서 1 큰 술 준비합니다.', 'image': 'https://recipe1.ezmember.co.kr/cache/recipe/2023/08/11/63c1645e190bc05507ff23f4b38721581.jpg'}, {'description': '소고기에 다진 대파 1/2 큰 술, 설탕 1/2 큰 술, 진간장 1 큰 술, 맛술 1 큰 술, 후춧가루 조금 넣고 골고루 무쳐 재워 놓습니다.\n대파 1/2 큰 술, 설탕 1/2 큰 술, 진간장 1 큰 술, 맛술 1 큰 술, 후춧가루 조금', 'image': 'https://recipe1.ezmember.co.kr/cache/recipe/2023/08/11/5205736a549174d074a1b21622be6cc11.jpg'}, {'description': '20 분 절인 오이에서 물이 많이 나왔지요.', 'image': 'https://recipe1.ezmember.co.kr/cache/recipe/2023/08/11/1bfa58317e4edfd34e9e923a565c9fcb1.jpg'}, {'description': '요건 헹구지 말고 그대로 물기만 최대한 꼭 짜서 준비합니다', 'image': 'https://recipe1.ezmember.co.kr/cache/recipe/2023/08/11/1fb3d34076f31c4d18a6a1bee6f59c4e1.jpg'}, {'description': '팬에 식용유 1 큰 술을 넣고 향이 오르게 마늘을 볶아 줍니다', 'image': 'https://recipe1.ezmember.co.kr/cache/recipe/2023/08/11/4384896ea177530f87edc1671e782e6e1.jpg'}, {'description': '양념에 재워둔 소고기를 넣고 완전히 익도록 볶아 줍니다', 'image': 'https://recipe1.ezmember.co.kr/cache/recipe/2023/08/11/a86b70e1d0039cd66e7f89bf352c1e511.jpg'}, {'description': '소고기가 다 익으면 소금에 절여 물기 꼭 짠 오이를 넣고요', 'image': 'https://recipe1.ezmember.co.kr/cache/recipe/2023/08/11/44c80567a94894a6670f518c56f5e5631.jpg'}, {'description': '오이와 소고기를 섞이도록 골고루 볶아줍니다.\n오이 절일때 소금을 넣었고 헹구지않고 물기만 짰고 소고기에 양념도 되어있어서 추가 간을 하지않아도 됩니다. 혹시 간을 보시고 모자라면 소금 조금 넣어주세요', 'image': 'https://recipe1.ezmember.co.kr/cache/recipe/2023/08/11/ad7bb9a40f752f636e8b605e069986b11.jpg'}, {'description': '참기름 1/2 큰 술을 넣고요', 'image': 'https://recipe1.ezmember.co.kr/cache/recipe/2023/08/11/20fdba60d3e88a932d42679ea328b5de1.jpg'}, {'description': '통깨 1 큰 술을 넣고 골고루 섞어 마무리합니다.', 'image': 'https://recipe1.ezmember.co.kr/cache/recipe/2023/08/11/8ef489e48b808424bc4c6f4d9557558b1.jpg'}, {'description': '오이 소고기볶음, 소고기 오이볶음 완성입니다.', 'image': 'https://recipe1.ezmember.co.kr/cache/recipe/2023/08/11/442e4d810867f183ed005aee5938188e1.jpg'}]"
https://recipe1.ezmember.co.kr/cache/recipe/2017/12/01/feade6e0d3abac9c8db721a6db408c6b1.jpg,참치 감자 조림,3인분,30분 이내,아무나,"[{'name': '감자', 'quantity': '1개'}, {'name': '참치캔', 'quantity': '1개'}, {'name': '양파', 'quantity': '1개'}, {'name': '대파', 'quantity': '1대'}, {'name': '청양고추', 'quantity': '2개'}, {'name': '다시육수', 'quantity': '2컵'}, {'name': '고추장', 'quantity': '1큰술'}, {'name': '간장', 'quantity': '2큰술'}, {'name': '고춧가루', 'quantity': '1큰술'}, {'name': '다진마늘', 'quantity': '1큰술'}, {'name': '자일로스설탕', 'quantity': '0.5큰술'}, {'name': '후추', 'quantity': '톡톡'}]","[{'description': '감자 먹기 좋은 크기로 썰어주고 양파는 채 썰어준다 대파,고추 어슷 썰어 준비합니다', 'image': 'https://recipe1.ezmember.co.kr/cache/recipe/2017/12/01/e0d6cf454132ae6c27a47b21af1c5f801.jpg'}, {'description': '먹기 좋게 썬 감자 냄비에 담아요', 'image': 'https://recipe1.ezmember.co.kr/cache/recipe/2017/12/01/59e2605372f8e03386745cac954596c71.jpg'}, {'description': '양파,참치 담고 (참치 국물 선택)', 'image': 'https://recipe1.ezmember.co.kr/cache/recipe/2017/12/01/8c48c33f9fb45eace76d81a7dcf942e71.jpg'}, {'description': '대파,고추 얹어줍니다', 'image': 'https://recipe1.ezmember.co.kr/cache/recipe/2017/12/01/b70eeb8014fbc4dff69ae4f4d5c701c31.jpg'}, {'description': '분량의 양념을 모두 볼에 담고 물 조금 부은 후', 'image': 'https://recipe1.ezmember.co.kr/cache/recipe/2017/12/01/7bc997222aee644d7c8968591aeed91a1.jpg'}, {'description': '양념을 골고루 섞어줍니다', 'image': 'https://recipe1.ezmember.co.kr/cache/recipe/2017/12/01/2d99e7d6b60dcc44083d4c68373737ef1.jpg'}, {'description': '물 또는 육수 2.5 컵(종이컵) 정도 부어주고 준비한 양념을 골고루 얹어주세요', 'image': 'https://recipe1.ezmember.co.kr/cache/recipe/2017/12/01/8423a20c8b82851b07073e806ed480541.jpg'}, {'description': '센불에서 보글보글 끓여 주다가', 'image': 'https://recipe1.ezmember.co.kr/cache/recipe/2017/12/01/d58fe2ae2972605f0e9f0f8a6ade0fb51.jpg'}, {'description': '약불로 자박하게 졸여주면 완성입니다', 'image': 'https://recipe1.ezmember.co.kr/cache/recipe/2017/12/01/e19b7aa54541d200490cda904e4d07cd1.jpg'}]"
https://recipe1.ezmember.co.kr/cache/recipe/2017/08/16/00a72cb62367087565b0838c8afba9741.jpg,"마늘조림, 건강한 밑반찬 애들이 더 좋아해요 ~",4인분,30분 이내,아무나,"[{'name': '마늘', 'quantity': '40알'}, {'name': '식용유', 'quantity': '2큰술'}, {'name': '물', 'quantity': '3큰술'}, {'name': '간장', 'quantity': '3큰술'}, {'name': '꿀', 'quantity': '1.5큰술'}, {'name': '참기름', 'quantity': '1/2큰술'}, {'name': '통깨', 'quantity': '약간'}]","[{'description': '마늘은 밑둥 부분을 칼로 잘라주시고 먹기좋은 크기로\n잘라주시면 되는데요, 저는 반정도만 잘라주고 좀 더 큰건\n세번정도 나눠서 잘라 준비해줬어요', 'image': 'https://recipe1.ezmember.co.kr/cache/recipe/2017/08/16/16fa742cc5f84bb9c0962b7f2e78bb061.jpg'}, {'description': '그리고 팬에 식용유 2큰술 정도 둘러주시고\n마늘 겉면이 노릇노릇해질 정도로 볶아주세요 ~', 'image': 'https://recipe1.ezmember.co.kr/cache/recipe/2017/08/16/9ad90a0d0f658da0be911c0653de4cb21.jpg'}, {'description': '마늘 겉면이 노릇하게 변하면 참기름을 제외한\n나머지 분량의 양념을 넣어주시면 되요\n물 3큰술', 'image': 'https://recipe1.ezmember.co.kr/cache/recipe/2017/08/16/268e0b0a7cb70787365ce5d147f50df61.jpg'}, {'description': '간장 3큰술', 'image': 'https://recipe1.ezmember.co.kr/cache/recipe/2017/08/16/f8ab4e128fb3ef546154c4416b29de501.jpg'}, {'description': '꿀 1.5큰술을 넣어주세요\n단거 싫어하시면 1큰술만 넣으셔도되요', 'image': 'https://recipe1.ezmember.co.kr/cache/recipe/2017/08/16/030bc695ad33dc04d4830a0a944a9d0d1.jpg'}, {'description': '그리고 마늘에 색이 어느정도 베일정도로 졸여주세요', 'image': 'https://recipe1.ezmember.co.kr/cache/recipe/2017/08/16/457013e6188758c5ce5e75be8e27e86c1.jpg'}, {'description': '양념이 어느정도 졸아들었을때\n마지막 참기름 1/2큰술을 넣고 통깨 톡톡 뿌려\n마무리 해주시면 된답니다 ^^', 'image': 'https://recipe1.ezmember.co.kr/cache/recipe/2017/08/16/b5a60afe3e0e5c3f258fed28e01cff471.jpg'}, {'description': '통깨 톡톡 뿌려\n마무리 해주시면 된답니다 ^^', 'image': 'https://recipe1.ezmember.co.kr/cache/recipe/2017/08/16/f17772ccc0e412d4a024525d025b0e6d1.jpg'}]"
https://recipe1.ezmember.co.kr/cache/recipe/2018/11/19/244c0057f9afe10bf158d4e6a2de30911.jpg,후다닥!!!두부 크래미 달걀볶음!,4인분,15분 이내,아무나,"[{'name': '두부', 'quantity': '1/2모'}, {'name': '크래미', 'quantity': '1봉지'}, {'name': '달걀', 'quantity': '5개'}, {'name': '당근', 'quantity': '조금'}, {'name': '깻잎', 'quantity': '1장'}, {'name': '소금', 'quantity': '1스푼'}, {'name': '식용류', 'quantity': '2스푼'}, {'name': '후추가루', 'quantity': '조금'}, {'name': '참기름', 'quantity': '조금'}]","[{'description': '두부반모를 준비합니다', 'image': 'https://recipe1.ezmember.co.kr/cache/recipe/2018/11/19/ee338b67fa3faf46fe06c9bd2828e8d51.jpg'}, {'description': '좀작은듯 깍두기모양으로 썰어줍니다', 'image': 'https://recipe1.ezmember.co.kr/cache/recipe/2018/11/19/0f765d6e9b3c5a24009082675b6110e51.jpg'}, {'description': '볼에넣고 끓인물을 부어줍니다~\n5분정도 담구어 주었다가 채반에 물기를 빼줍니다', 'image': 'https://recipe1.ezmember.co.kr/cache/recipe/2018/11/19/b0411e28e9c784617348f57c494d27171.jpg'}, {'description': '달걀을 5개정도 깨주시고\n소금조금넣고 잘섞어주신다음\n가위로 잘라주세요', 'image': 'https://recipe1.ezmember.co.kr/cache/recipe/2018/11/19/521b30934a59d310f4bd10d39ae93f4b1.jpg'}, {'description': '크래미 한봉지를 적당한 크기로 찢어주세요', 'image': 'https://recipe1.ezmember.co.kr/cache/recipe/2018/11/19/cbf9fd1f73e071d1b1b73936561a00601.jpg'}, {'description': '양파기름 2스푼을 넣고 바로두부를 넣고 살살 볶아줘요', 'image': 'https://recipe1.ezmember.co.kr/cache/recipe/2018/11/19/a147c3d1a39a4e2dfc0be13a48441df61.jpg'}, {'description': '2분정도 두부볶으시다가 그위에 크래미와 당근을 넣고 볶아줍니다\n다른야채를 넣고 하셔도 되요', 'image': 'https://recipe1.ezmember.co.kr/cache/recipe/2018/11/19/ce3f541e887bad90a4befe8f54e142fe1.jpg'}, {'description': '살살볶으신거에 풀어놓은 달걀물을 부어주세요', 'image': 'https://recipe1.ezmember.co.kr/cache/recipe/2018/11/19/e1e0f00703a7d9ace4da9f564409f1071.jpg'}, {'description': '불은 중불로 낮추시고 후추가루를 조금뿌리신다음\n살살 저어가면서 볶아주세요\n이때 소금을 살짝뿌려주세요', 'image': 'https://recipe1.ezmember.co.kr/cache/recipe/2018/11/19/a71f82ec9ca05e76ef6234ad54bd80e11.jpg'}, {'description': '달걀물이 다 익으면 불을 끄시고 참기름조금과 통깨로 마무리 합니다', 'image': 'https://recipe1.ezmember.co.kr/cache/recipe/2018/11/19/0daec707338908ef4581dec09ebdcf9a1.jpg'}]"
https://recipe1.ezmember.co.kr/cache/recipe/2026/03/31/efec85cc959984045869d5f6f39e4bd71.jpg,굴소스 가지볶음 레시피 가지반찬 요리,3인분,20분 이내,아무나,"[{'name': '가지 2개 손질 후', 'quantity': '280g'}, {'name': '양파', 'quantity': '60g'}, {'name': '대파', 'quantity': '15g'}, {'name': '다진마늘', 'quantity': '0.5큰술'}, {'name': '굴소스', 'quantity': '1큰술'}, {'name': '소금', 'quantity': '2~3꼬집'}, {'name': '물', 'quantity': '2큰술'}, {'name': '물', 'quantity': '40ml'}, {'name': '통깨', 'quantity': '솔솔솔'}, {'name': '식용유', 'quantity': '3큰술'}]",[]
https://recipe1.ezmember.co.kr/cache/recipe/2022/10/18/a8ab1de11bcc37740f969b762459ef311.jpg,순두부조림 순두부가 순식간에 사라지는,4인분,15분 이내,아무나,"[{'name': '순두부', 'quantity': '1~2팩'}, {'name': '다진돼지고기', 'quantity': '200g'}, {'name': '양파', 'quantity': '1/2개'}, {'name': '대파', 'quantity': '1/2대'}, {'name': '당근', 'quantity': '1/4개'}, {'name': '홍고추', 'quantity': '1개'}, {'name': '참기름', 'quantity': '1큰술'}, {'name': '통깨', 'quantity': '솔솔'}, {'name': '맛술', 'quantity': '2큰술'}, {'name': '고추장', 'quantity': '2큰술'}, {'name': '고춧가루', 'quantity': '4큰술'}, {'name': '진간장', 'quantity': '2큰술'}, {'name': '된장', 'quantity': '1/2작은술'}, {'name': '다진마늘', 'quantity': '1.5큰술'}, {'name': '설탕', 'quantity': '1.5큰술'}]","[{'description': '양파, 당근은 잘게 썰어 준비하고 대파, 홍고추는 송송 썰어주세요\n야채는 냉장고 사정에 맞게 준비합니다', 'image': 'https://recipe1.ezmember.co.kr/cache/recipe/2022/10/18/9fd1db0ed59e09daae62808c47ef8ff21.jpg'}, {'description': '고추장 2큰술, 고춧가루 4큰술, 진간장 2큰술, 된장 1/2 작은술, 다진마늘 1.5큰술, 설탕 1.5큰술 모두 잘 섞어주세요.', 'image': 'https://recipe1.ezmember.co.kr/cache/recipe/2022/10/18/c97965e50db9bfa107c4518deb65fa421.jpg'}, {'description': '팬에 기름 넉넉히 두른 후 예열 후 대파를 넣어 파기름을 내어줍니다. 볶아가 양파도 추가로 넣어 볶아주세요. 당근, 홍고추 넣어 모두 볶아냅니다.', 'image': 'https://recipe1.ezmember.co.kr/cache/recipe/2022/10/18/6075f17a6352207bd26d995d5aaa945b1.jpg'}, {'description': '다진돼지고기 넣은 후 맛술 2큰술 넣어 볶아주세요.', 'image': 'https://recipe1.ezmember.co.kr/cache/recipe/2022/10/18/c154e032c8270a26a08c4feb2ec426051.jpg'}, {'description': '고기의 붉은기가 사라지면 양념장을 넣어 볶다가 쌀뜨물 1컵을 넣어 센불에서 바글바글 끓여줍니다', 'image': 'https://recipe1.ezmember.co.kr/cache/recipe/2022/10/18/f2165a5e252be3332d3b6542d4f10c581.jpg'}, {'description': '순두부 뚝뚝 썰어 넣은 후 뚜껑을 덮은 후 약불에서 1~2분 더 익혀주면 완성입니다. 마지막으로 참기름 1큰술, 통깨 솔솔 뿌려줍니다~', 'image': 'https://recipe1.ezmember.co.kr/cache/recipe/2022/10/18/eaaff6d0f2a03600b7b6db0aafadd5591.jpg'}]"
https://recipe1.ezmember.co.kr/cache/recipe/2026/03/19/b9153485fb23b41f6841c11d50363b611.jpg,어릴적 추억을 담은 분홍소시지전,4인분,20분 이내,초급,"[{'name': '분홍소시지', 'quantity': '1/2개'}, {'name': '청양고추', 'quantity': '2개'}, {'name': '튀김가루', 'quantity': '2스푼'}, {'name': '계란', 'quantity': '2개'}]","[{'description': '분홍소시지 1/2개를 용기에 넣어서 잘 으깨주세요.', 'image': 'https://recipe1.ezmember.co.kr/cache/recipe/2026/03/19/d5fc071e70b9e0d22e8ac1a3334fbda11.jpg'}, {'description': '청양고추를 송송 썰어서 분홍소시지와 함께 잘 섞어주세요.', 'image': 'https://recipe1.ezmember.co.kr/cache/recipe/2026/03/19/42ded2da5f2c8eec6784bc8ac9545ffb1.jpg'}, {'description': '튀김가루 2스푼과 계란 2개를 넣어서 반죽이 잘 섞이도록 해주세요.', 'image': 'https://recipe1.ezmember.co.kr/cache/recipe/2026/03/19/c64008dd59eb81e8231bfbe13fd6d4ca1.jpg'}, {'description': '후라이팬에 기름을 두른 후 숟가락을 이용해서 동그랗게 떠주세요.', 'image': 'https://recipe1.ezmember.co.kr/cache/recipe/2026/03/19/9e57f0906fefa0d0c6ec7ec87dca46ae1.jpg'}, {'description': '앞뒤로 노릇노릇하게 구워주세요.', 'image': 'https://recipe1.ezmember.co.kr/cache/recipe/2026/03/19/9830238036138471c23146b0b07519041.jpg'}, {'description': '예쁜 접시에 동그랗게 차곡차곡 올려주세요.', 'image': 'https://recipe1.ezmember.co.kr/cache/recipe/2026/03/19/ec7d39d5f9ae50608bed3cd0ad4c72151.jpg'}, {'description': '분홍소시지전이 완성이 되었습니다.', 'image': 'https://recipe1.ezmember.co.kr/cache/recipe/2026/03/19/c3773fd43c44e7cd316e6153801e95fd1.jpg'}]"
